14:00:46:977,-95,2
14:00:47:328,-89,7
14:00:47:678,-91,5
14:00:48:028,-90,5
14:00:48:378,-90,6
14:00:48:728,-90,5
14:00:49:079,-90,6
14:00:49:429,-96,0
14:00:50:129,-98,-1
14:00:50:480,-98,-1
14:00:50:830,-95,1
14:00:51:530,-92,4
14:00:51:880,-95,1
14:00:52:231,-91,5
14:00:52:581,-88,8
14:00:52:931,-86,6
14:00:53:281,-84,9
14:00:53:631,-82,7
14:00:53:982,-84,10
14:00:54:332,-83,7
14:00:54:682,-82,7
14:00:55:032,-83,8
14:00:55:382,-83,8
14:00:55:733,-85,7
14:00:56:083,-87,8
14:00:56:433,-89,6
14:00:56:783,-93,4
14:00:57:133,-95,2
14:00:57:484,-97,0
14:00:57:834,-95,0
14:00:58:184,-94,4
14:00:58:534,-93,4
14:00:58:884,-93,5
14:00:59:235,-93,5
14:00:59:585,-94,2
14:00:59:935,-95,3
14:01:00:285,-97,-1
14:01:00:635,-97,-2
14:01:01:336,-99,-3
14:01:02:036,-98,-3
14:01:02:386,-96,2
14:01:02:737,-98,-2
14:01:03:087,-96,1
14:01:03:437,-97,-1
14:01:03:787,-99,-3
14:01:04:488,-98,-4
14:01:05:188,-100,-5
14:01:05:888,-97,0
14:01:06:238,-98,-3
14:01:06:589,-97,-1
14:01:06:939,-94,4
14:01:07:289,-96,1
14:01:07:639,-99,-5
14:01:07:990,-98,-4
14:01:08:340,-95,3
14:01:08:690,-91,5
14:01:09:040,-93,5
14:01:09:390,-96,1
14:01:09:741,-94,3
14:01:10:091,-95,2
14:01:10:441,-96,0
14:01:10:791,-95,2
14:01:11:141,-91,4
14:01:11:492,-91,4
14:01:11:842,-89,6
14:01:12:192,-92,4
14:01:12:542,-93,5
14:01:12:892,-96,-2
14:01:13:593,-96,1
14:01:13:943,-98,-5
14:01:14:293,-96,1
14:01:14:643,-91,3
14:01:14:994,-92,6
14:01:15:344,-94,3
14:01:15:694,-94,4
14:01:16:044,-94,4
14:01:16:394,-93,4
14:01:16:745,-94,4
14:01:17:445,-94,4
14:01:17:795,-96,1
14:01:18:145,-93,5
14:01:18:496,-94,4
14:01:18:846,-94,5
14:01:19:196,-94,3
14:01:19:546,-93,5
14:01:19:896,-93,5
14:01:20:247,-92,6
14:01:20:597,-95,2
14:01:20:947,-92,5
14:01:21:297,-91,4
14:01:21:647,-89,7
14:01:21:998,-86,8
14:01:22:348,-87,8
14:01:22:698,-88,7
14:01:23:048,-88,8
14:01:23:398,-89,7
14:01:23:749,-88,7
14:01:24:099,-86,7
14:01:24:449,-87,8
14:01:24:799,-88,8
14:01:25:149,-91,6
14:01:25:500,-92,5
14:01:25:850,-90,6
14:01:26:200,-91,5
14:01:26:550,-87,9
14:01:26:900,-86,7
14:01:27:251,-85,7
14:01:27:601,-85,7
14:01:27:951,-90,6
14:01:28:301,-88,8
14:01:28:651,-87,8
14:01:29:002,-87,9
14:01:29:352,-87,8
14:01:29:702,-87,8
14:01:30:052,-88,7
14:01:30:402,-90,5
14:01:30:753,-92,4
14:01:31:103,-93,4
14:01:31:453,-96,2
14:01:31:803,-96,0
14:01:32:154,-98,-4
14:01:32:504,-98,-3
14:01:33:204,-98,-6
14:01:33:554,-98,-6
14:01:33:905,-99,-2
14:01:34:255,-97,0
14:01:34:605,-97,0
14:01:34:955,-95,0
14:01:35:305,-95,2
14:01:35:656,-95,3
14:01:36:006,-95,1
14:01:36:356,-95,3
14:01:36:706,-97,0
14:01:37:056,-97,-2
14:01:37:407,-97,-2
14:01:37:757,-99,-2
14:01:38:107,-99,-5
14:01:38:457,-96,-2
14:01:38:807,-97,-4
14:01:39:158,-96,-2
14:01:39:508,-96,-1
14:01:39:858,-97,-1
14:01:40:208,-95,0
14:01:40:558,-93,2
14:01:40:909,-93,3
14:01:41:259,-92,3
14:01:41:609,-92,4
14:01:41:958,-94,1
14:01:42:309,-93,3
14:01:42:660,-96,0
14:01:43:009,-93,3
14:01:43:360,-94,3
14:01:43:710,-93,3
14:01:44:411,-95,1
14:01:44:761,-97,0
14:01:45:111,-96,1
14:01:45:461,-96,0
14:01:45:811,-97,0
14:01:46:162,-95,0
14:01:46:512,-94,2
14:01:46:861,-96,0
14:01:47:212,-95,1
14:01:47:562,-96,1
14:01:47:913,-95,3
14:01:48:263,-96,0
14:01:48:612,-93,3
14:01:48:962,-93,4
14:01:49:313,-99,-5
14:01:49:664,-100,-7
14:01:50:014,-99,-4
14:01:50:363,-93,3
14:01:50:714,-93,3
14:01:51:064,-94,3
14:01:51:414,-93,5
14:01:51:765,-91,5
14:01:52:114,-92,5
14:01:52:464,-91,5
14:01:52:815,-93,5
14:01:53:166,-92,5
14:01:53:515,-98,-2
14:01:54:215,-99,-4
14:01:54:566,-97,-1
14:01:55:267,-96,0
14:01:55:966,-98,-1
14:01:56:317,-95,2
14:01:56:668,-96,1
14:01:57:017,-98,-2
14:01:57:367,-95,3
14:01:57:717,-95,2
14:01:58:068,-96,0
14:01:58:419,-96,0
14:01:58:768,-99,-3
14:01:59:119,-96,0
14:01:59:468,-97,0
14:01:59:818,-90,5
14:02:00:169,-93,5
14:02:00:519,-93,5
14:02:00:870,-91,4
14:02:01:219,-90,6
14:02:01:570,-88,8
14:02:01:920,-89,7
14:02:02:270,-88,8
14:02:02:620,-91,5
14:02:02:970,-89,7
14:02:03:321,-87,8
14:02:03:671,-88,7
14:02:04:022,-90,5
14:02:04:371,-90,6
14:02:04:721,-91,5
14:02:05:071,-91,5
14:02:05:423,-92,5
14:02:05:772,-95,2
14:02:06:122,-96,1
14:02:06:472,-96,2
14:02:06:822,-91,5
14:02:07:173,-91,5
14:02:07:523,-91,4
14:02:07:874,-90,6
14:02:08:223,-87,8
14:02:08:574,-88,8
14:02:08:924,-90,6
14:02:09:274,-91,5
14:02:09:625,-93,5
14:02:09:974,-90,5
14:02:10:325,-91,5
14:02:10:676,-94,5
14:02:11:025,-92,4
14:02:11:375,-93,4
14:02:11:725,-95,2
14:02:12:076,-95,2
14:02:12:426,-93,6
14:02:12:776,-93,5
14:02:13:127,-94,3
14:02:13:476,-94,3
14:02:13:827,-95,2
14:02:14:177,-95,2
14:02:14:527,-95,2
14:02:14:877,-96,0
14:02:15:227,-97,-2
14:02:15:578,-97,0
14:02:15:928,-99,-3
14:02:16:278,-99,-5
14:02:16:628,-98,-3
14:02:16:978,-99,-6
14:02:17:329,-98,-5
14:02:17:679,-99,-3
14:02:18:380,-98,0
14:02:19:080,-99,-3
14:02:19:430,-99,-3
14:02:19:780,-97,-1
14:02:20:130,-98,-1
14:02:20:480,-96,0
14:02:20:831,-96,0
14:02:21:181,-99,-8
14:02:21:881,-98,0
14:02:22:231,-99,-2
14:02:22:582,-96,0
14:02:22:932,-99,-2
14:02:23:282,-99,-2
14:02:23:982,-98,-5
14:02:24:333,-99,-4
14:02:25:383,-99,-6
14:02:26:434,-99,-9
14:02:26:784,-100,-6
14:02:27:134,-97,-2
14:02:27:835,-97,-1
14:02:28:185,-100,-6
14:02:28:535,-99,-2
14:02:28:885,-99,-9
14:02:29:936,-100,-7
14:02:30:986,-99,-4
14:02:31:337,-99,-6
14:02:31:687,-98,-2
14:02:32:387,-97,0
14:02:32:737,-100,-5
14:02:33:088,-97,-1
14:02:33:438,-97,-3
14:02:33:788,-98,0
14:02:34:138,-99,-4
14:02:34:488,-98,-4
14:02:34:839,-100,-6
14:02:35:189,-100,-8
14:02:36:590,-99,-7
14:02:36:940,-99,-6
14:02:39:741,-99,-7
14:02:40:092,-101,-8
14:02:40:442,-99,-9
14:02:40:792,-99,-2
14:02:41:142,-99,-2
14:02:41:492,-99,-2
14:02:41:843,-99,-5
14:02:42:193,-100,-4
14:02:42:543,-97,0
14:02:42:893,-100,-8
14:02:43:243,-100,-7
14:02:43:944,-100,-6
14:02:44:294,-99,-12
14:02:44:644,-100,-7
14:02:44:994,-99,-5
14:02:45:345,-99,-5
14:02:47:446,-100,-7
14:02:47:796,-99,-9
14:02:48:496,-99,-10
14:02:49:897,-100,-9
14:02:52:349,-100,-12
14:02:53:049,-101,-9
14:02:53:399,-100,-9
14:02:53:749,-100,-11
14:02:54:800,-99,-2
14:02:55:501,-99,-5
14:02:55:851,-99,-3
14:02:56:201,-98,-2
14:02:56:551,-98,-1
14:02:57:252,-97,0
14:02:57:602,-96,0
14:02:57:952,-97,0
14:02:58:302,-97,0
14:02:58:652,-96,1
14:02:59:003,-95,0
14:02:59:353,-96,1
14:02:59:703,-96,0
14:03:00:053,-95,1
14:03:00:403,-95,2
14:03:00:754,-95,2
14:03:01:104,-96,1
14:03:01:454,-97,0
14:03:01:804,-95,1
14:03:02:154,-96,0
14:03:02:505,-96,0
14:03:02:855,-97,-2
14:03:03:205,-96,0
14:03:03:905,-96,0
14:03:04:256,-96,0
14:03:04:606,-97,0
14:03:04:956,-97,-1
14:03:05:306,-97,0
14:03:05:656,-96,0
14:03:06:007,-96,0
14:03:06:357,-97,0
14:03:06:707,-99,-1
14:03:07:057,-98,0
14:03:07:407,-98,-2
14:03:07:758,-98,-1
14:03:08:108,-98,-3
14:03:08:458,-99,-1
14:03:08:808,-96,0
14:03:09:158,-96,0
14:03:09:508,-96,2
14:03:09:859,-95,1
14:03:10:209,-96,0
14:03:10:559,-96,0
14:03:10:909,-96,0
14:03:11:260,-96,0
14:03:11:610,-96,0
14:03:11:960,-97,0
14:03:12:310,-98,-3
14:03:12:660,-99,-2
14:03:13:011,-99,-3
14:03:13:360,-99,-9
14:03:13:711,-99,-6
14:03:14:762,-98,-4
14:03:15:112,-97,0
14:03:15:461,-98,0
14:03:15:812,-97,-1
14:03:16:161,-97,0
14:03:16:513,-97,1
14:03:16:863,-96,0
14:03:17:213,-95,3
14:03:17:563,-96,0
14:03:17:912,-95,3
14:03:18:264,-97,1
14:03:18:614,-96,0
14:03:18:963,-94,3
14:03:19:314,-94,3
14:03:19:664,-94,3
14:03:20:014,-95,2
14:03:20:365,-94,3
14:03:20:715,-95,4
14:03:21:066,-94,3
14:03:21:414,-94,3
14:03:22:116,-94,3
14:03:22:465,-94,4
14:03:22:816,-94,4
14:03:23:166,-94,4
14:03:23:517,-93,5
14:03:23:867,-93,4
14:03:24:217,-94,3
14:03:24:566,-96,0
14:03:24:917,-98,0
14:03:25:268,-97,1
14:03:25:617,-95,3
14:03:25:967,-95,2
14:03:26:317,-96,1
14:03:26:668,-95,2
14:03:27:019,-96,2
14:03:27:369,-95,2
14:03:27:718,-95,2
14:03:28:068,-95,2
14:03:28:418,-95,3
14:03:28:770,-95,2
14:03:29:119,-95,2
14:03:29:469,-96,1
14:03:29:819,-95,3
14:03:30:169,-95,3
14:03:30:520,-94,3
14:03:30:870,-95,1
14:03:31:220,-95,3
14:03:31:570,-95,3
14:03:31:920,-94,3
14:03:32:271,-94,3
14:03:32:622,-94,4
14:03:32:971,-94,3
14:03:33:321,-95,4
14:03:33:671,-94,4
14:03:34:022,-95,3
14:03:34:373,-95,3
14:03:34:722,-95,2
14:03:35:072,-94,4
14:03:35:423,-94,3
14:03:35:773,-94,3
14:03:36:123,-95,2
14:03:36:473,-94,4
14:03:36:824,-94,4
14:03:37:174,-94,4
14:03:37:524,-94,4
14:03:37:875,-95,3
14:03:38:224,-95,2
14:03:38:574,-95,3
14:03:38:926,-95,1
14:03:39:275,-94,4
14:03:39:625,-94,4
14:03:39:975,-95,2
14:03:40:325,-95,2
14:03:40:677,-95,1
14:03:41:026,-95,3
14:03:41:377,-95,3
14:03:41:726,-96,1
14:03:42:076,-95,2
14:03:42:427,-95,1
14:03:42:777,-96,0
14:03:43:127,-96,1
14:03:43:477,-96,0
14:03:43:827,-96,0
14:03:44:178,-97,0
14:03:44:528,-97,0
14:03:44:878,-98,0
14:03:45:228,-97,1
14:03:45:578,-97,0
14:03:45:929,-97,-1
14:03:46:279,-97,-1
14:03:46:629,-97,0
14:03:46:979,-98,0
14:03:47:329,-98,0
14:03:47:681,-97,-1
14:03:48:030,-96,-2
14:03:48:380,-97,-1
14:03:49:080,-98,-1
14:03:49:431,-96,0
14:03:49:781,-97,1
14:03:50:131,-98,0
14:03:50:481,-97,-2
14:03:50:831,-98,-2
14:03:51:182,-99,-2
14:03:51:532,-99,0
14:03:51:882,-98,-3
14:03:52:232,-98,-4
14:03:52:582,-99,-4
14:03:52:933,-100,-4
14:03:53:283,-98,-5
14:03:53:633,-98,0
14:03:54:333,-99,-5
14:03:55:384,-100,-8
14:03:55:734,-99,-8
14:03:56:084,-100,-6
14:03:56:785,-98,-4
14:03:57:135,-99,-2
14:03:57:485,-99,-1
14:03:57:835,-98,0
14:03:58:186,-98,-1
14:03:58:536,-99,-3
14:03:58:886,-98,-2
14:03:59:236,-99,-1
14:03:59:586,-99,-3
14:03:59:937,-98,-3
14:04:00:287,-98,-2
14:04:00:637,-99,-3
14:04:00:987,-98,0
14:04:01:337,-97,-2
14:04:01:688,-98,-3
14:04:02:388,-100,-5
14:04:02:738,-100,-6
14:04:03:439,-95,1
14:04:03:789,-95,2
14:04:04:139,-96,1
14:04:04:489,-96,0
14:04:04:839,-98,-2
14:04:05:190,-99,-2
14:04:05:540,-98,-3
14:04:05:890,-98,-3
14:04:06:240,-98,-4
14:04:06:590,-98,-3
14:04:06:941,-99,-4
14:04:07:291,-99,-8
14:04:07:641,-100,-6
14:04:07:991,-99,-3
14:04:08:341,-97,-4
14:04:08:692,-99,-2
14:04:09:042,-99,-2
14:04:09:392,-99,-6
14:04:09:742,-99,-6
14:04:10:092,-99,-2
14:04:10:443,-99,-1
14:04:10:793,-100,-4
14:04:11:493,-100,-5
14:04:11:843,-99,-5
14:04:12:194,-98,-4
14:04:12:544,-99,-4
14:04:13:244,-100,-5
14:04:13:594,-98,0
14:04:14:295,-100,-5
14:04:14:645,-99,-5
14:04:14:995,-100,-3
14:04:15:345,-99,-5
14:04:15:696,-99,-6
14:04:16:396,-99,-2
14:04:16:746,-98,0
14:04:17:096,-99,-2
14:04:17:447,-100,-3
14:04:17:797,-99,-7
14:04:18:147,-97,-1
14:04:18:497,-97,0
14:04:18:848,-98,-3
14:04:19:198,-100,-8
14:04:19:548,-99,-6
14:04:19:898,-99,-4
14:04:20:248,-98,-3
14:04:20:599,-99,-6
14:04:21:299,-99,-11
14:04:22:350,-99,-3
14:04:23:400,-100,-13
14:04:23:750,-101,-8
14:04:24:101,-99,-7
14:04:24:451,-100,-6
14:04:25:501,-101,-15
14:04:25:852,-98,-3
14:04:26:902,-99,-7
14:04:27:603,-100,-5
14:04:28:303,-100,-13
14:04:28:653,-100,-8
14:04:29:003,-99,-8
14:04:29:354,-100,-7
14:04:29:704,-100,-5
14:04:30:054,-100,-4
14:04:30:404,-98,-3
14:04:30:754,-99,-4
14:04:31:455,-101,-7
14:04:31:805,-99,-6
14:04:32:505,-100,-5
14:04:33:556,-100,-5
14:04:33:906,-98,-2
14:04:34:256,-98,-3
14:04:34:607,-101,-8
14:04:34:957,-99,-4
14:04:35:307,-101,-7
14:04:35:657,-99,-5
14:04:36:007,-100,-6
14:04:36:358,-100,-6
14:04:36:708,-100,-9
14:04:37:408,-99,-5
14:04:37:758,-99,-5
14:04:38:809,-101,-10
14:04:39:159,-101,-9
14:04:39:509,-99,-10
14:04:40:210,-100,-5
14:04:41:611,-101,-8
14:04:42:311,-100,-13
14:04:42:661,-101,-12
14:04:43:362,-100,-5
14:04:43:712,-99,-6
14:04:44:062,-100,-6
14:04:44:412,-99,-6
14:04:44:762,-100,-4
14:04:45:113,-100,-7
14:04:45:463,-100,-6
14:04:45:813,-99,-8
14:04:46:513,-100,-14
14:04:47:913,-99,-5
14:04:48:615,-100,-6
14:04:48:964,-99,-5
14:04:49:315,-98,0
14:04:49:665,-99,-4
14:04:50:014,-98,-3
14:04:50:366,-98,-4
14:04:50:715,-97,-2
14:04:51:066,-99,-5
14:04:51:766,-99,-4
14:04:52:117,-100,-6
14:04:52:467,-99,-10
14:04:53:517,-99,-5
14:04:53:867,-98,-7
14:04:54:218,-98,-5
14:04:54:568,-99,-5
14:04:54:918,-98,-3
14:04:55:268,-100,-2
14:04:55:618,-99,-2
14:04:55:968,-99,-4
14:04:56:319,-99,-2
14:04:56:669,-99,-3
14:04:57:720,-96,0
14:04:58:069,-99,-2
14:04:58:420,-98,-3
14:04:58:769,-100,-9
14:04:59:121,-98,-2
14:04:59:470,-98,-2
14:04:59:821,-99,-4
14:05:01:572,-99,-6
14:05:02:272,-100,-6
14:05:02:622,-99,-6
14:05:02:973,-99,-2
14:05:03:322,-99,-2
14:05:03:673,-99,-6
14:05:04:023,-99,-3
14:05:04:373,-99,-6
14:05:04:723,-100,-4
14:05:05:073,-99,-9
14:05:05:424,-100,-10
14:05:06:824,-99,-10
14:05:07:174,-100,-10
14:05:07:526,-100,-11
14:05:08:225,-99,-12
14:05:08:576,-101,-7
14:05:09:276,-100,-7
14:05:09:626,-100,-8
14:05:10:327,-100,-9
14:05:10:676,-100,-12
14:05:11:027,-99,-9
14:05:11:377,-100,-11
14:05:14:529,-99,-9
14:05:16:280,-100,-12
14:05:18:381,-98,-5
14:05:18:731,-99,-11
14:05:19:782,-101,-10
14:05:20:132,-99,-12
14:05:20:832,-100,-7
14:05:21:182,-99,-10
14:05:21:533,-100,-6
14:05:21:883,-98,-5
14:05:22:233,-98,-3
14:05:22:933,-99,-2
14:05:23:284,-97,1
14:05:23:634,-96,1
14:05:24:684,-99,-6
14:05:25:035,-100,-4
14:05:26:085,-101,-12
14:05:26:786,-99,-7
14:05:27:136,-99,-2
14:05:27:836,-99,-8
14:05:28:186,-99,-6
14:05:28:537,-99,-8
14:05:28:887,-99,-9
14:05:29:237,-99,-8
14:05:29:587,-100,-7
14:05:30:988,-101,-11
14:05:31:338,-100,-5
14:05:31:688,-100,-3
14:05:32:389,-98,-2
14:05:32:739,-98,-1
14:05:33:089,-99,-6
14:05:33:439,-97,-2
14:05:33:790,-98,-2
14:05:34:490,-99,-5
14:05:34:840,-98,-2
14:05:35:190,-99,-5
14:05:35:541,-101,-8
14:05:36:241,-99,-8
14:05:36:942,-99,-6
14:05:37:292,-99,-7
14:05:37:642,-100,-4
14:05:37:992,-98,-1
14:05:38:342,-100,-6
14:05:39:043,-99,-9
14:05:39:743,-100,-10
14:05:40:794,-101,-10
14:05:41:144,-100,-6
14:05:42:195,-100,-6
14:05:42:895,-97,-1
14:05:43:245,-99,-11
14:05:43:946,-100,-9
14:05:44:646,-99,-8
14:05:44:996,-100,-8
14:05:45:697,-99,-11
14:05:46:047,-101,-8
14:05:46:747,-100,-8
14:05:47:798,-100,-10
14:05:48:498,-100,-12
14:05:49:199,-99,-10
14:05:49:549,-101,-9
14:05:49:899,-101,-12
14:05:52:000,-100,-10
14:05:52:350,-100,-8
14:05:52:701,-100,-4
14:05:53:051,-99,-5
14:05:53:401,-99,-2
14:05:53:751,-99,-5
14:05:54:101,-99,-5
14:05:54:802,-100,-4
14:05:55:152,-99,-6
14:05:55:502,-99,-6
14:05:56:203,-98,-5
14:05:56:553,-99,-7
14:05:56:903,-100,-13
14:05:58:654,-101,-6
14:05:59:004,-99,-10
14:05:59:354,-100,-7
14:06:00:405,-100,-6
14:06:00:755,-99,-9
14:06:01:456,-100,-5
14:06:01:806,-100,-4
14:06:02:506,-99,-5
14:06:02:856,-98,-5
14:06:03:557,-101,-9
14:06:03:907,-100,-8
14:06:04:607,-99,-10
14:06:05:308,-99,-8
14:06:05:658,-99,-7
14:06:06:008,-99,-4
14:06:06:358,-100,-4
14:06:07:059,-99,-6
14:06:07:409,-99,-6
14:06:07:759,-100,-6
14:06:08:109,-98,-2
14:06:08:460,-98,0
14:06:08:810,-97,-1
14:06:09:160,-98,-1
14:06:09:510,-98,-4
14:06:09:860,-99,-5
14:06:10:211,-98,-4
14:06:10:561,-99,-3
14:06:10:911,-98,-5
14:06:11:261,-100,-7
14:06:11:962,-100,-3
14:06:12:312,-98,-4
14:06:12:662,-98,-1
14:06:13:012,-99,-2
14:06:13:362,-100,-3
14:06:13:713,-99,-3
14:06:14:063,-98,-4
14:06:14:413,-99,-1
14:06:14:763,-99,-1
14:06:15:113,-100,-3
14:06:15:464,-99,-6
14:06:15:814,-99,-3
14:06:16:164,-98,-5
14:06:16:514,-101,-7
14:06:16:863,-99,-5
14:06:17:215,-99,-4
14:06:17:565,-100,-7
14:06:17:915,-101,-7
14:06:18:265,-100,-5
14:06:18:616,-99,-7
14:06:18:965,-99,-8
14:06:19:316,-100,-9
14:06:19:666,-101,-6
14:06:20:016,-99,-9
14:06:20:366,-99,-5
14:06:20:717,-100,-4
14:06:21:066,-99,-3
14:06:21:417,-99,-3
14:06:22:117,-99,-4
14:06:22:468,-99,-6
14:06:22:817,-101,-8
14:06:23:167,-99,-4
14:06:23:518,-99,-7
14:06:23:869,-100,-6
14:06:24:218,-99,-4
14:06:24:569,-99,-6
14:06:24:918,-98,-2
14:06:25:269,-98,-4
14:06:25:620,-98,-3
14:06:25:969,-99,-4
14:06:26:320,-99,-3
14:06:26:670,-100,-6
14:06:27:019,-100,-6
14:06:27:371,-99,-3
14:06:27:721,-99,-1
14:06:28:070,-99,-9
14:06:28:421,-101,-10
14:06:28:770,-101,-11
14:06:29:122,-101,-12
14:06:29:472,-100,-14
14:06:29:822,-99,-11
14:06:30:172,-101,-6
14:06:30:521,-100,-6
14:06:32:273,-101,-13
14:06:32:624,-100,-7
14:06:34:374,-100,-6
14:06:34:725,-100,-3
14:06:35:424,-100,-9
14:06:35:774,-99,-4
14:06:36:125,-99,-2
14:06:36:476,-98,-5
14:06:36:825,-99,-7
14:06:37:176,-101,-7
14:06:37:525,-99,-8
14:06:37:877,-99,-6
14:06:38:226,-98,-5
14:06:38:576,-99,-6
14:06:38:927,-98,-2
14:06:39:276,-99,0
14:06:39:627,-99,-4
14:06:39:977,-101,-12
14:06:40:327,-99,-7
14:06:41:378,-100,-9
14:06:41:728,-100,-3
14:06:42:079,-98,-2
14:06:42:428,-98,-2
14:06:42:778,-99,-5
14:06:43:129,-99,-7
14:06:43:479,-99,-7
14:06:44:179,-100,-6
14:06:44:530,-100,-5
14:06:44:880,-99,-5
14:06:45:230,-98,-4
14:06:45:580,-98,-3
14:06:45:931,-98,-4
14:06:46:280,-98,-3
14:06:46:631,-97,-3
14:06:47:681,-100,-4
14:06:48:031,-99,-1
14:06:48:382,-99,-3
14:06:48:732,-99,-3
14:06:49:432,-97,0
14:06:49:782,-98,-2
14:06:50:133,-97,-2
14:06:50:483,-99,-1
14:06:50:833,-97,-2
14:06:51:183,-98,-2
14:06:51:533,-98,-2
14:06:51:884,-98,-3
14:06:52:584,-99,-1
14:06:53:284,-98,0
14:06:53:635,-99,-5
14:06:53:985,-99,-6
14:06:54:335,-99,-5
14:06:54:685,-100,-4
14:06:55:035,-99,-3
14:06:55:386,-98,-2
14:06:55:736,-99,-3
14:06:56:086,-99,-3
14:06:56:436,-100,-5
14:06:56:786,-100,-8
14:06:57:137,-100,-4
14:06:57:487,-100,-6
14:06:57:837,-99,-5
14:06:58:187,-100,-4
14:06:58:537,-99,-6
14:06:58:888,-99,-2
14:06:59:238,-100,-5
14:06:59:588,-99,-4
14:06:59:938,-98,-5
14:07:00:288,-99,-6
14:07:00:989,-100,-7
14:07:01:339,-99,-8
14:07:01:689,-99,-5
14:07:02:039,-99,-8
14:07:02:740,-99,-7
14:07:03:090,-100,-4
14:07:03:440,-98,-5
14:07:03:790,-99,-3
14:07:04:141,-99,-2
14:07:04:491,-98,-2
14:07:04:841,-98,-2
14:07:05:191,-98,-2
14:07:05:892,-99,-5
14:07:06:242,-100,-6
14:07:06:592,-99,-6
14:07:06:942,-99,-3
14:07:07:293,-99,-1
14:07:07:643,-100,-4
14:07:07:993,-98,-2
14:07:08:343,-99,-6
14:07:08:693,-101,-8
14:07:09:394,-100,-5
14:07:09:744,-100,-4
14:07:10:094,-100,-5
14:07:10:444,-100,-8
14:07:10:795,-99,-7
14:07:11:145,-99,-5
14:07:11:495,-98,-2
14:07:11:845,-96,0
14:07:12:195,-97,-2
14:07:12:546,-98,-2
14:07:12:896,-97,0
14:07:13:246,-95,1
14:07:13:596,-97,-1
14:07:13:946,-96,0
14:07:14:297,-95,1
14:07:14:647,-99,-2
14:07:14:997,-97,-2
14:07:15:697,-98,-3
14:07:16:048,-98,-2
14:07:16:398,-97,0
14:07:16:748,-98,0
14:07:17:098,-100,-6
14:07:17:799,-98,-5
14:07:18:149,-100,-6
14:07:18:499,-98,-3
14:07:18:849,-98,0
14:07:19:199,-98,0
14:07:19:550,-99,-6
14:07:19:900,-99,-4
14:07:20:250,-100,-5
14:07:20:950,-99,-7
14:07:21:301,-100,-5
14:07:21:651,-99,-5
14:07:22:001,-100,-11
14:07:22:351,-98,-5
14:07:22:701,-99,-4
14:07:23:052,-98,0
14:07:23:402,-99,-1
14:07:23:752,-99,-3
14:07:24:102,-99,-5
14:07:24:452,-98,-2
14:07:24:803,-98,-3
14:07:25:153,-99,-3
14:07:25:503,-98,-3
14:07:25:853,-99,-1
14:07:26:203,-99,-2
14:07:26:554,-99,-1
14:07:26:904,-99,0
14:07:27:254,-100,-4
14:07:27:604,-99,-6
14:07:27:954,-99,-2
14:07:28:305,-99,-1
14:07:28:655,-97,-2
14:07:29:005,-98,0
14:07:29:355,-97,1
14:07:29:705,-97,1
14:07:30:056,-98,-3
14:07:30:406,-98,-2
14:07:30:756,-98,-2
14:07:31:106,-99,-2
14:07:31:456,-99,-5
14:07:31:807,-100,-6
14:07:32:157,-100,-4
14:07:32:857,-99,-8
14:07:33:207,-101,-7
14:07:33:558,-100,-8
14:07:33:908,-99,-5
14:07:34:258,-99,-6
14:07:34:608,-99,-7
14:07:34:958,-100,-3
14:07:35:309,-100,-4
14:07:35:659,-99,-5
14:07:36:009,-100,-5
14:07:36:359,-99,-7
14:07:36:709,-99,-2
14:07:37:410,-97,0
14:07:37:760,-96,0
14:07:38:110,-96,0
14:07:38:460,-98,-3
14:07:38:811,-98,-3
14:07:39:161,-99,-4
14:07:39:861,-99,-6
14:07:40:562,-98,-1
14:07:40:912,-99,-4
14:07:41:262,-98,-3
14:07:41:612,-100,-8
14:07:41:962,-100,-4
14:07:42:313,-99,-7
14:07:42:663,-99,-6
14:07:43:013,-100,-8
14:07:43:713,-101,-9
14:07:44:064,-99,-6
14:07:44:764,-100,-14
14:07:45:114,-99,-6
14:07:45:815,-99,-3
14:07:46:165,-100,-5
14:07:47:566,-99,-9
14:07:48:616,-100,-5
14:07:48:967,-100,-6
14:07:49:667,-100,-6
14:07:51:068,-101,-11
14:07:52:118,-96,0
14:07:52:469,-96,0
14:07:52:818,-97,1
14:07:53:169,-96,0
14:07:54:219,-100,-5
14:07:54:920,-99,-2
14:07:55:269,-98,-4
14:07:55:620,-96,2
14:07:55:970,-97,0
14:07:56:321,-97,0
14:07:56:671,-98,0
14:07:57:020,-97,0
14:07:57:370,-96,1
14:07:57:722,-97,0
14:07:58:072,-97,0
14:07:58:421,-97,0
14:07:58:771,-96,0
14:07:59:122,-95,1
14:07:59:472,-97,0
14:07:59:823,-96,1
14:08:00:173,-97,1
14:08:00:522,-97,0
14:08:00:873,-97,1
14:08:01:224,-98,-1
14:08:01:574,-99,-6
14:08:01:924,-100,-3
14:08:02:273,-100,-6
14:08:02:624,-99,-7
14:08:02:974,-100,-15
14:08:03:675,-100,-14
14:08:04:025,-101,-12
14:08:04:375,-99,-5
14:08:04:726,-99,-2
14:08:05:075,-99,-5
14:08:05:426,-97,-1
14:08:05:775,-97,1
14:08:06:125,-95,1
14:08:06:476,-99,-1
14:08:06:827,-97,0
14:08:07:176,-97,0
14:08:07:527,-97,1
14:08:07:876,-97,1
14:08:08:228,-98,0
14:08:08:577,-99,-2
14:08:08:927,-99,-2
14:08:09:277,-100,-3
14:08:09:628,-99,-5
14:08:09:978,-100,-5
14:08:10:328,-100,-6
14:08:10:678,-99,-5
14:08:11:029,-100,-6
14:08:11:379,-99,-8
14:08:11:730,-100,-7
14:08:12:079,-100,-7
14:08:12:780,-99,-9
14:08:13:129,-99,-8
14:08:13:481,-100,-5
14:08:13:831,-97,1
14:08:14:180,-97,1
14:08:14:531,-95,2
14:08:14:880,-93,5
14:08:15:231,-93,6
14:08:15:581,-93,4
14:08:15:931,-93,4
14:08:16:281,-93,4
14:08:16:632,-94,4
14:08:16:982,-94,3
14:08:17:332,-95,3
14:08:17:682,-95,4
14:08:18:032,-95,2
14:08:18:382,-96,2
14:08:18:733,-95,3
14:08:19:083,-94,4
14:08:19:433,-94,3
14:08:19:783,-94,4
14:08:20:133,-93,5
14:08:20:484,-93,4
14:08:20:834,-93,5
14:08:21:184,-93,5
14:08:21:535,-93,5
14:08:21:884,-93,4
14:08:22:235,-93,5
14:08:22:585,-94,4
14:08:22:935,-94,4
14:08:23:285,-94,3
14:08:23:635,-96,1
14:08:23:986,-96,1
14:08:24:336,-97,0
14:08:25:036,-100,-5
14:08:25:386,-96,2
14:08:25:738,-94,3
14:08:26:087,-93,4
14:08:26:437,-93,4
14:08:26:787,-94,4
14:08:27:137,-94,5
14:08:27:488,-95,1
14:08:27:838,-96,1
14:08:28:188,-96,0
14:08:28:538,-96,0
14:08:28:890,-100,-4
14:08:29:239,-96,1
14:08:29:589,-95,3
14:08:29:939,-95,3
14:08:30:289,-96,1
14:08:30:640,-97,0
14:08:30:990,-98,-1
14:08:31:340,-96,0
14:08:31:690,-96,1
14:08:32:040,-99,-1
14:08:32:391,-98,0
14:08:32:741,-93,5
14:08:33:091,-94,3
14:08:33:441,-95,3
14:08:33:791,-94,4
14:08:34:142,-95,2
14:08:34:492,-94,4
14:08:34:842,-93,5
14:08:35:192,-94,4
14:08:35:542,-94,4
14:08:35:893,-97,0
14:08:36:243,-98,0
14:08:36:593,-98,-1
14:08:36:943,-96,1
14:08:37:293,-96,0
14:08:37:644,-96,1
14:08:37:994,-96,1
14:08:38:344,-96,0
14:08:38:694,-96,0
14:08:39:395,-96,1
14:08:39:745,-97,1
14:08:40:095,-96,1
14:08:40:445,-97,1
14:08:40:795,-96,1
14:08:41:146,-97,0
14:08:41:496,-97,1
14:08:41:846,-97,0
14:08:42:196,-98,0
14:08:42:546,-97,0
14:08:42:897,-96,0
14:08:43:247,-98,-1
14:08:43:597,-98,0
14:08:43:947,-97,0
14:08:44:297,-97,0
14:08:44:648,-98,-2
14:08:44:998,-98,-2
14:08:45:348,-98,-3
14:08:45:698,-99,-4
14:08:46:048,-99,-2
14:08:46:399,-99,-2
14:08:46:749,-99,-3
14:08:47:099,-97,-1
14:08:47:449,-98,-2
14:08:47:799,-99,-2
14:08:48:150,-100,-4
14:08:48:500,-101,-7
14:08:48:850,-101,-8
14:08:49:200,-99,-7
14:08:49:550,-100,-3
14:08:49:901,-98,-1
14:08:50:251,-98,0
14:08:50:601,-97,0
14:08:50:951,-99,-4
14:08:51:301,-98,-3
14:08:51:652,-98,-5
14:08:52:002,-100,-4
14:08:53:052,-99,-1
14:08:53:403,-98,0
14:08:53:753,-97,-1
14:08:54:103,-97,0
14:08:54:453,-98,0
14:08:54:803,-98,0
14:08:55:154,-98,-1
14:08:55:504,-97,0
14:08:55:854,-97,1
14:08:56:204,-96,0
14:08:56:554,-98,0
14:08:56:905,-99,0
14:08:57:255,-99,-1
14:08:57:605,-98,-4
14:08:57:955,-98,-4
14:08:58:305,-98,0
14:08:58:656,-98,1
14:08:59:006,-98,0
14:08:59:356,-95,1
14:08:59:706,-94,4
14:09:00:056,-94,3
14:09:00:407,-96,0
14:09:00:757,-96,0
14:09:01:107,-96,0
14:09:01:457,-96,1
14:09:01:807,-96,1
14:09:02:158,-96,1
14:09:02:508,-96,2
14:09:02:858,-95,1
14:09:03:208,-95,3
14:09:03:558,-94,3
14:09:03:909,-95,3
14:09:04:259,-99,-1
14:09:04:609,-99,0
14:09:04:959,-96,1
14:09:05:309,-98,-2
14:09:05:660,-98,0
14:09:06:010,-98,0
14:09:06:360,-98,0
14:09:06:710,-98,0
14:09:07:060,-99,0
14:09:07:411,-97,-1
14:09:07:761,-97,-1
14:09:08:111,-98,0
14:09:08:461,-98,-2
14:09:08:811,-98,-4
14:09:09:162,-98,0
14:09:09:512,-98,-1
14:09:09:862,-98,0
14:09:10:212,-97,0
14:09:10:563,-97,0
14:09:10:913,-98,-2
14:09:11:263,-95,1
14:09:11:613,-96,2
14:09:11:963,-97,0
14:09:12:314,-96,2
14:09:12:664,-96,3
14:09:13:014,-96,0
14:09:13:364,-96,0
14:09:13:714,-97,0
14:09:14:065,-98,-2
14:09:14:415,-96,0
14:09:14:765,-100,-6
14:09:15:816,-100,-4
14:09:16:866,-99,-1
14:09:17:216,-99,-2
14:09:17:567,-100,-7
14:09:17:917,-101,-14
14:09:18:617,-101,-9
14:09:18:967,-101,-8
14:09:19:318,-100,-12
14:09:19:668,-100,-13
14:09:20:018,-101,-12
14:09:20:368,-100,-11
14:09:20:718,-99,-5
14:09:21:069,-100,-5
14:09:21:419,-101,-10
14:09:22:119,-100,-9
14:09:23:170,-100,-9
14:09:23:520,-99,-9
14:09:23:869,-100,-10
14:09:24:220,-99,-8
14:09:24:571,-97,0
14:09:24:921,-93,4
14:09:25:271,-94,3
14:09:25:621,-94,3
14:09:25:971,-94,4
14:09:26:322,-93,5
14:09:26:672,-93,4
14:09:27:022,-93,5
14:09:27:372,-93,5
14:09:27:722,-93,4
14:09:28:072,-94,4
14:09:28:423,-94,3
14:09:28:772,-93,4
14:09:29:123,-95,3
14:09:29:472,-101,-8
14:09:29:824,-99,-2
14:09:30:173,-98,-1
14:09:30:524,-98,-1
14:09:30:874,-99,-6
14:09:31:574,-101,-7
14:09:31:925,-101,-9
14:09:32:274,-100,-9
14:09:32:624,-99,-9
14:09:32:975,-100,-14
14:09:34:026,-99,-10
14:09:34:375,-100,-6
14:09:34:726,-99,-5
14:09:35:077,-99,-2
14:09:35:426,-99,-2
14:09:35:776,-100,-5
14:09:36:476,-100,-3
14:09:36:827,-99,-5
14:09:37:177,-98,-2
14:09:37:528,-99,-2
14:09:37:877,-98,-2
14:09:38:227,-98,-3
14:09:38:579,-100,-4
14:09:38:928,-101,-8
14:09:39:629,-101,-8
14:09:39:978,-101,-8
14:09:40:330,-99,-5
14:09:40:680,-99,-6
14:09:41:029,-100,-4
14:09:41:379,-100,-11
14:09:41:730,-100,-9
14:09:42:080,-98,-3
14:09:42:430,-94,3
14:09:42:781,-93,5
14:09:43:130,-93,5
14:09:43:480,-92,4
14:09:43:831,-93,5
14:09:44:182,-93,4
14:09:44:531,-94,4
14:09:44:882,-94,4
14:09:45:231,-96,0
14:09:45:582,-99,-5
14:09:45:933,-99,-3
14:09:46:282,-100,-8
14:09:46:633,-99,-4
14:09:46:982,-98,-2
14:09:47:333,-100,-2
14:09:47:683,-100,-5
14:09:48:033,-99,-11
14:09:48:733,-100,-15
14:09:49:084,-101,-13
14:09:51:185,-100,-12
14:09:51:535,-101,-15
14:09:52:236,-101,-11
14:09:52:936,-99,-5
14:09:53:286,-99,-2
14:09:53:636,-99,-7
14:09:53:987,-100,-13
14:09:54:337,-101,-10
14:09:54:687,-99,-6
14:09:55:037,-100,-9
14:09:55:387,-99,-1
14:09:55:738,-100,-4
14:09:56:088,-98,-2
14:09:56:438,-99,-2
14:09:56:788,-99,-1
14:09:57:138,-98,-3
14:09:57:489,-98,-2
14:09:57:839,-99,-4
14:09:58:189,-100,-6
14:09:58:539,-98,0
14:09:58:889,-98,-1
14:09:59:590,-101,-7
14:09:59:940,-100,-5
14:10:00:290,-99,-6
14:10:00:640,-100,-14
14:10:00:991,-100,-14
14:10:01:341,-100,-14
14:10:01:691,-101,-9
14:10:02:391,-101,-7
14:10:02:743,-100,-5
14:10:03:092,-100,-9
14:10:03:792,-100,-10
14:10:04:142,-101,-12
14:10:04:843,-100,-13
14:10:05:893,-100,-14
14:10:06:244,-100,-14
14:10:06:594,-99,-9
14:10:06:944,-99,-12
14:10:07:294,-101,-10
14:10:08:345,-100,-5
14:10:09:045,-100,-6
14:10:09:395,-101,-9
14:10:10:096,-99,-7
14:10:10:446,-98,-4
14:10:10:796,-100,-5
14:10:11:146,-100,-4
14:10:11:497,-98,-3
14:10:11:847,-98,0
14:10:12:197,-99,-1
14:10:12:897,-98,0
14:10:13:248,-97,-1
14:10:13:598,-99,0
14:10:13:948,-99,-5
14:10:14:298,-98,-3
14:10:14:648,-99,-7
14:10:15:349,-101,-14
14:10:15:699,-100,-11
14:10:16:399,-100,-8
14:10:16:750,-99,-4
14:10:17:100,-100,-12
14:10:17:800,-101,-7
14:10:18:150,-100,-8
14:10:18:501,-100,-6
14:10:18:851,-99,-6
14:10:19:201,-100,-8
14:10:19:551,-100,-5
14:10:20:252,-98,-4
14:10:20:602,-99,-8
14:10:21:302,-101,-7
14:10:21:652,-101,-9
14:10:22:003,-100,-7
14:10:22:353,-99,-2
14:10:22:703,-100,-5
14:10:23:053,-100,-9
14:10:23:403,-100,-11
14:10:23:754,-101,-10
14:10:24:804,-101,-14
14:10:25:154,-99,-9
14:10:25:505,-100,-4
14:10:26:205,-100,-11
14:10:26:555,-100,-17
14:10:26:905,-101,-8
14:10:27:606,-99,-9
14:10:28:306,-100,-12
14:10:28:656,-101,-12
14:10:29:007,-101,-8
14:10:29:357,-100,-9
14:10:29:707,-100,-5
14:10:30:057,-99,-6
14:10:31:108,-99,-4
14:10:31:458,-100,-6
14:10:32:158,-99,-5
14:10:32:509,-101,-8
14:10:32:859,-95,3
14:10:33:209,-97,0
14:10:33:559,-97,1
14:10:33:910,-98,0
14:10:34:260,-98,0
14:10:34:610,-97,0
14:10:34:960,-97,-1
14:10:35:310,-97,0
14:10:35:661,-97,0
14:10:36:011,-96,1
14:10:36:361,-93,4
14:10:36:711,-96,2
14:10:37:061,-96,0
14:10:37:412,-96,2
14:10:37:762,-95,2
14:10:38:112,-95,2
14:10:38:462,-98,0
14:10:38:812,-96,1
14:10:39:163,-96,2
14:10:39:513,-97,0
14:10:40:213,-99,-3
14:10:40:563,-100,-5
14:10:40:914,-100,-7
14:10:41:264,-101,-10
14:10:41:614,-100,-4
14:10:41:964,-100,-4
14:10:42:314,-101,-9
14:10:42:665,-99,-6
14:10:43:015,-99,-6
14:10:43:365,-98,0
14:10:43:715,-96,0
14:10:44:065,-97,-2
14:10:44:416,-99,-1
14:10:44:766,-98,-2
14:10:45:116,-97,0
14:10:45:466,-96,0
14:10:45:816,-97,1
14:10:46:167,-97,0
14:10:46:517,-98,0
14:10:46:867,-98,-1
14:10:47:217,-95,3
14:10:47:567,-97,0
14:10:47:918,-96,0
14:10:48:268,-97,0
14:10:48:618,-96,0
14:10:49:318,-98,0
14:10:49:669,-97,-1
14:10:50:019,-96,1
14:10:50:369,-96,2
14:10:50:719,-97,1
14:10:51:069,-96,1
14:10:51:419,-96,2
14:10:51:770,-96,1
14:10:52:120,-96,0
14:10:52:470,-98,0
14:10:52:820,-96,0
14:10:53:171,-96,0
14:10:53:521,-96,1
14:10:53:871,-97,1
14:10:54:221,-97,0
14:10:54:571,-97,-2
14:10:54:921,-99,-1
14:10:55:272,-99,0
14:10:55:622,-98,-2
14:10:56:322,-99,-9
14:10:56:673,-100,-7
14:10:57:023,-99,-7
14:10:57:372,-101,-8
14:10:57:723,-99,-10
14:10:58:073,-99,-2
14:10:58:424,-100,-3
14:10:58:773,-100,-10
14:10:59:124,-99,-3
14:10:59:473,-98,-1
14:10:59:824,-98,-4
14:11:00:175,-100,-5
14:11:00:525,-99,-12
14:11:00:875,-99,-8
14:11:01:224,-101,-8
14:11:01:575,-99,-6
14:11:02:625,-100,-3
14:11:02:975,-100,-6
14:11:03:326,-101,-8
14:11:03:677,-100,-5
14:11:04:026,-99,-6
14:11:04:376,-100,-4
14:11:04:727,-100,-3
14:11:05:428,-100,-6
14:11:05:777,-98,-3
14:11:06:128,-99,-1
14:11:06:478,-99,-6
14:11:06:828,-99,-12
14:11:07:529,-100,-10
14:11:07:878,-100,-11
14:11:08:228,-99,-10
14:11:08:579,-100,-4
14:11:08:930,-99,-4
14:11:09:279,-99,-3
14:11:09:629,-99,-4
14:11:09:979,-99,-6
14:11:10:330,-100,-5
14:11:10:681,-99,-4
14:11:11:030,-100,-3
14:11:11:381,-99,-6
14:11:11:730,-99,-6
14:11:12:081,-98,-3
14:11:12:431,-98,-3
14:11:12:781,-99,-4
14:11:13:131,-99,-10
14:11:13:481,-98,-1
14:11:13:831,-99,-1
14:11:14:182,-96,1
14:11:14:533,-94,4
14:11:14:882,-94,3
14:11:15:233,-95,1
14:11:15:583,-96,2
14:11:15:934,-96,0
14:11:16:283,-96,0
14:11:16:633,-98,0
14:11:16:983,-99,-1
14:11:17:334,-99,-3
14:11:17:684,-100,-6
14:11:18:034,-99,-9
14:11:18:385,-99,-8
14:11:18:735,-99,-6
14:11:19:085,-100,-5
14:11:19:436,-99,-3
14:11:19:785,-99,-3
14:11:20:136,-99,-4
14:11:20:485,-99,-3
14:11:20:837,-98,-2
14:11:21:186,-98,-3
14:11:21:536,-99,-3
14:11:21:886,-99,-4
14:11:22:236,-99,-7
14:11:22:587,-99,-7
14:11:22:937,-99,-3
14:11:23:287,-99,-2
14:11:23:637,-99,-3
14:11:23:987,-98,-5
14:11:24:338,-98,-2
14:11:24:688,-99,-3
14:11:25:038,-98,-2
14:11:25:388,-99,-2
14:11:25:738,-98,-3
14:11:26:439,-98,1
14:11:26:789,-98,-2
14:11:27:139,-99,-1
14:11:27:489,-98,-1
14:11:27:840,-97,0
14:11:28:540,-97,1
14:11:28:890,-96,0
14:11:29:240,-97,1
14:11:29:591,-97,-1
14:11:29:941,-97,1
14:11:30:291,-97,0
14:11:30:641,-96,0
14:11:30:991,-98,0
14:11:31:342,-100,-3
14:11:31:692,-99,-2
14:11:32:042,-99,-5
14:11:32:392,-100,-5
14:11:32:742,-99,-3
14:11:33:093,-100,-5
14:11:33:443,-96,1
14:11:33:793,-96,2
14:11:34:143,-97,0
14:11:34:493,-99,0
14:11:34:844,-97,0
14:11:35:194,-99,-1
14:11:35:544,-101,-9
14:11:35:894,-98,0
14:11:36:244,-98,1
14:11:36:595,-97,-1
14:11:36:945,-98,-1
14:11:37:295,-98,-1
14:11:37:645,-97,0
14:11:38:346,-97,-2
14:11:38:696,-97,1
14:11:39:046,-94,5
14:11:39:396,-95,1
14:11:39:746,-98,-2
14:11:40:097,-99,-2
14:11:40:447,-99,-9
14:11:40:797,-100,-5
14:11:41:147,-100,-13
14:11:41:497,-99,-1
14:11:41:848,-98,-2
14:11:42:198,-99,-3
14:11:42:548,-100,-4
14:11:42:898,-99,-4
14:11:43:248,-99,-2
14:11:43:599,-100,-5
14:11:43:949,-98,-2
14:11:44:299,-98,-4
14:11:44:649,-99,-6
14:11:44:999,-100,-5
14:11:45:350,-99,-4
14:11:45:700,-99,-2
14:11:46:050,-98,-3
14:11:46:400,-98,-2
14:11:46:750,-98,0
14:11:47:101,-97,0
14:11:47:451,-97,1
14:11:47:801,-96,0
14:11:48:151,-96,0
14:11:48:501,-96,0
14:11:48:852,-96,1
14:11:49:202,-96,0
14:11:49:552,-96,1
14:11:49:902,-96,1
14:11:50:252,-97,1
14:11:50:603,-95,1
14:11:50:953,-95,2
14:11:51:303,-96,0
14:11:51:653,-96,1
14:11:52:003,-96,0
14:11:52:354,-96,1
14:11:52:704,-96,1
14:11:53:054,-97,1
14:11:53:404,-97,1
14:11:53:754,-96,0
14:11:54:105,-96,0
14:11:54:455,-98,0
14:11:54:805,-98,0
14:11:55:155,-97,-1
14:11:55:506,-97,0
14:11:55:856,-98,-2
14:11:56:206,-99,-1
14:11:56:556,-99,-1
14:11:56:906,-99,-2
14:11:57:257,-98,0
14:11:57:607,-97,0
14:11:57:957,-99,0
14:11:58:307,-98,0
14:11:58:657,-98,0
14:11:59:008,-97,-2
14:11:59:358,-97,-1
14:11:59:708,-97,0
14:12:00:058,-97,1
14:12:00:408,-95,3
14:12:00:759,-95,1
14:12:01:109,-95,2
14:12:01:459,-95,3
14:12:01:809,-95,3
14:12:02:159,-95,2
14:12:02:510,-96,0
14:12:03:560,-100,-3
14:12:03:910,-99,-2
14:12:04:611,-96,0
14:12:04:961,-98,0
14:12:05:661,-99,-6
14:12:06:011,-100,-4
14:12:06:362,-99,-4
14:12:06:712,-100,-5
14:12:07:062,-100,-7
14:12:07:763,-99,-2
14:12:08:113,-100,-4
14:12:08:463,-100,-4
14:12:08:813,-99,-6
14:12:09:163,-100,-4
14:12:09:514,-99,-3
14:12:09:864,-99,-6
14:12:10:214,-100,-3
14:12:10:564,-99,-4
14:12:10:914,-100,-4
14:12:11:615,-100,-5
14:12:11:965,-99,-7
14:12:12:315,-100,-7
14:12:12:665,-99,-8
14:12:13:016,-99,-7
14:12:13:366,-99,-7
14:12:13:716,-100,-7
14:12:14:066,-99,-7
14:12:14:416,-100,-4
14:12:14:767,-98,-2
14:12:15:117,-99,-4
14:12:15:467,-99,-4
14:12:15:817,-96,0
14:12:16:167,-96,0
14:12:16:518,-95,3
14:12:16:868,-96,1
14:12:17:218,-98,0
14:12:17:568,-98,0
14:12:17:918,-98,-1
14:12:18:269,-97,1
14:12:18:619,-96,0
14:12:18:969,-98,-1
14:12:19:319,-97,-1
14:12:19:669,-97,-1
14:12:20:020,-95,3
14:12:20:370,-96,0
14:12:20:720,-99,-1
14:12:21:070,-99,-1
14:12:21:420,-97,0
14:12:21:771,-98,0
14:12:22:121,-94,3
14:12:22:471,-96,1
14:12:22:821,-96,2
14:12:23:170,-96,0
14:12:23:522,-96,2
14:12:23:872,-96,2
14:12:24:222,-96,0
14:12:24:572,-95,1
14:12:24:922,-95,2
14:12:25:273,-95,3
14:12:25:622,-95,2
14:12:25:972,-95,3
14:12:26:323,-94,2
14:12:26:673,-95,2
14:12:27:024,-94,4
14:12:27:374,-95,4
14:12:27:723,-95,2
14:12:28:074,-96,1
14:12:28:424,-98,0
14:12:28:774,-97,0
14:12:29:125,-96,1
14:12:29:474,-96,2
14:12:29:824,-96,0
14:12:30:175,-99,-1
14:12:30:526,-101,-6
14:12:30:876,-98,-5
14:12:31:225,-98,-2
14:12:31:576,-96,-1
14:12:31:925,-99,-1
14:12:32:277,-99,-1
14:12:32:626,-100,-4
14:12:32:977,-99,-1
14:12:33:327,-96,0
14:12:33:677,-97,1
14:12:34:028,-99,-1
14:12:34:378,-99,-9
14:12:34:727,-98,-2
14:12:35:078,-100,-3
14:12:35:427,-97,-1
14:12:35:779,-100,-12
14:12:36:129,-100,-14
14:12:36:478,-98,-2
14:12:36:829,-99,-2
14:12:37:179,-100,-5
14:12:37:529,-99,-3
14:12:37:879,-98,-2
14:12:38:230,-98,-3
14:12:38:579,-99,-2
14:12:38:930,-99,-2
14:12:39:281,-99,-3
14:12:39:630,-98,0
14:12:39:981,-97,-2
14:12:40:330,-97,1
14:12:40:682,-99,-4
14:12:41:032,-96,0
14:12:41:381,-99,-3
14:12:41:732,-100,-5
14:12:42:082,-99,-7
14:12:42:782,-99,-4
14:12:43:133,-99,-6
14:12:43:483,-100,-9
14:12:43:832,-98,0
14:12:44:183,-99,-5
14:12:44:884,-100,-9
14:12:45:233,-100,-4
14:12:45:583,-93,4
14:12:45:935,-99,-9
14:12:46:284,-98,-3
14:12:46:634,-99,-3
14:12:46:985,-98,-4
14:12:47:334,-93,2
14:12:47:685,-95,2
14:12:48:036,-90,6
14:12:48:385,-90,6
14:12:48:735,-98,-3
14:12:49:086,-94,4
14:12:49:436,-95,1
14:12:49:786,-98,-1
14:12:50:137,-97,0
14:12:50:486,-95,2
14:12:50:837,-96,0
14:12:51:187,-98,0
14:12:51:537,-100,-4
14:12:51:887,-99,-7
14:12:52:237,-99,-5
14:12:52:938,-99,-4
14:12:53:288,-99,-5
14:12:53:639,-99,-5
14:12:54:338,-99,-6
14:12:55:039,-99,-8
14:12:55:389,-99,-9
14:12:55:739,-99,-3
14:12:56:089,-99,-5
14:12:56:440,-99,-7
14:12:56:790,-99,-7
14:12:57:140,-99,-9
14:12:57:840,-101,-7
14:12:58:191,-100,-10
14:12:58:541,-100,-12
14:12:58:891,-101,-10
14:12:59:241,-100,-5
14:12:59:591,-99,-8
14:12:59:942,-99,-6
14:13:00:292,-100,-11
14:13:00:642,-99,-2
14:13:00:992,-97,1
14:13:01:693,-101,-10
14:13:02:393,-100,-4
14:13:02:743,-99,-3
14:13:03:093,-97,0
14:13:03:444,-99,-3
14:13:03:794,-99,-4
14:13:04:144,-98,-3
14:13:04:494,-99,-1
14:13:04:844,-99,-1
14:13:05:195,-98,-4
14:13:05:545,-99,-2
14:13:05:895,-98,-3
14:13:06:245,-99,0
14:13:06:595,-97,-1
14:13:06:946,-97,0
14:13:07:296,-98,-1
14:13:07:646,-98,-3
14:13:07:996,-97,0
14:13:08:346,-95,2
14:13:08:697,-99,0
14:13:09:047,-99,-2
14:13:09:397,-99,-2
14:13:09:747,-99,-3
14:13:10:097,-100,-4
14:13:10:448,-98,-3
14:13:10:798,-99,-7
14:13:11:148,-99,-7
14:13:11:498,-98,-3
14:13:11:848,-98,0
14:13:12:199,-100,-2
14:13:12:549,-99,-6
14:13:12:899,-99,-6
14:13:13:249,-100,-5
14:13:13:599,-100,-4
14:13:13:950,-99,-6
14:13:14:300,-98,0
14:13:14:650,-96,1
14:13:15:000,-96,0
14:13:15:350,-98,0
14:13:15:701,-98,-3
14:13:16:051,-99,-2
14:13:16:401,-99,-6
14:13:16:751,-98,-4
14:13:17:102,-98,-2
14:13:17:452,-97,0
14:13:18:472,-96,0
14:13:18:474,-98,-2
14:13:18:502,-99,-3
14:13:18:853,-99,-2
14:13:19:203,-98,0
14:13:19:553,-98,-1
14:13:19:903,-98,0
14:13:20:253,-98,0
14:13:20:604,-98,0
14:13:20:954,-98,-1
14:13:21:304,-98,-2
14:13:21:654,-97,0
14:13:22:004,-97,0
14:13:22:355,-98,0
14:13:22:705,-96,0
14:13:23:055,-97,0
14:13:23:405,-97,0
14:13:23:755,-97,-1
14:13:24:106,-97,-1
14:13:24:456,-97,1
14:13:24:806,-98,1
14:13:25:156,-96,1
14:13:25:506,-96,0
14:13:25:857,-96,0
14:13:26:207,-96,2
14:13:26:557,-96,0
14:13:26:907,-97,1
14:13:27:257,-97,0
14:13:27:608,-101,-9
14:13:27:958,-100,-4
14:13:28:308,-100,-6
14:13:28:658,-100,-12
14:13:29:359,-100,-11
14:13:29:709,-100,-7
14:13:30:059,-100,-11
14:13:30:409,-101,-16
14:13:30:759,-101,-8
14:13:31:110,-98,-2
14:13:31:460,-97,1
14:13:31:810,-98,0
14:13:32:160,-98,0
14:13:32:510,-99,-10
14:13:33:561,-101,-9
14:13:33:911,-101,-10
14:13:34:261,-99,-8
14:13:34:612,-98,-5
14:13:34:962,-100,-3
14:13:35:312,-100,-5
14:13:35:662,-100,-5
14:13:36:012,-100,-9
14:13:36:363,-100,-13
14:13:37:063,-100,-16
14:13:37:413,-100,-10
14:13:37:763,-101,-9
14:13:38:114,-101,-7
14:13:38:814,-99,-8
14:13:39:164,-100,-8
14:13:39:514,-100,-8
14:13:39:865,-101,-11
14:13:40:215,-100,-14
14:13:41:616,-100,-10
14:13:41:966,-100,-7
14:13:42:316,-101,-7
14:13:42:666,-99,-8
14:13:43:016,-100,-4
14:13:43:367,-99,-7
14:13:43:717,-99,-6
14:13:44:067,-99,-5
14:13:44:417,-101,-7
14:13:44:767,-101,-10
14:13:45:118,-101,-11
14:13:45:468,-101,-9
14:13:45:818,-99,-11
14:13:46:168,-101,-8
14:13:46:518,-100,-6
14:13:46:869,-100,-7
14:13:47:219,-99,-6
14:13:47:569,-100,-5
14:13:47:919,-99,-5
14:13:48:269,-99,-2
14:13:48:620,-98,-2
14:13:48:970,-100,-4
14:13:49:320,-100,-3
14:13:50:020,-98,-3
14:13:50:371,-98,-2
14:13:50:721,-98,-2
14:13:51:071,-99,-2
14:13:51:421,-98,-4
14:13:51:771,-100,-5
14:13:52:122,-99,-6
14:13:52:472,-98,-4
14:13:52:822,-98,-3
14:13:53:172,-99,-2
14:13:53:522,-99,-3
14:13:53:873,-98,-2
14:13:54:222,-98,-2
14:13:54:573,-100,-3
14:13:54:923,-99,-5
14:13:55:273,-99,-5
14:13:55:623,-99,-6
14:13:55:974,-99,-6
14:13:57:023,-99,-6
14:13:57:375,-100,-5
14:13:58:075,-101,-7
14:13:58:424,-98,-10
14:13:59:126,-99,-10
14:13:59:826,-99,-9
14:14:00:176,-101,-9
14:14:00:526,-100,-10
14:14:00:876,-99,-8
14:14:01:226,-99,-3
14:14:01:577,-98,-3
14:14:01:927,-99,-2
14:14:02:277,-99,-1
14:14:02:628,-99,-2
14:14:02:978,-96,1
14:14:03:327,-99,-7
14:14:03:677,-99,-2
14:14:04:029,-98,-4
14:14:04:728,-99,-4
14:14:05:079,-98,1
14:14:05:429,-96,0
14:14:05:780,-99,0
14:14:06:129,-99,0
14:14:06:480,-100,-5
14:14:06:830,-100,-5
14:14:07:180,-100,-15
14:14:08:230,-100,-15
14:14:08:580,-100,-15
14:14:09:282,-101,-15
14:14:09:982,-101,-11
14:14:10:681,-101,-10
14:14:11:033,-99,-10
14:14:11:383,-101,-8
14:14:11:733,-101,-9
14:14:12:083,-100,-5
14:14:12:432,-100,-5
14:14:12:783,-100,-7
14:14:13:134,-101,-9
14:14:13:483,-101,-10
14:14:16:635,-99,-8
14:14:16:985,-100,-7
14:14:17:336,-100,-9
14:14:17:685,-100,-6
14:14:18:387,-98,-3
14:14:19:086,-99,-2
14:14:19:437,-98,-2
14:14:19:787,-99,-6
14:14:20:137,-100,-6
14:14:20:488,-97,-1
14:14:20:837,-96,0
14:14:21:538,-97,1
14:14:21:888,-99,-2
14:14:22:238,-98,-3
14:14:22:589,-100,-4
14:14:22:938,-99,-3
14:14:23:289,-100,-3
14:14:23:639,-100,-6
14:14:23:989,-101,-9
14:14:24:689,-99,-4
14:14:25:040,-98,0
14:14:25:740,-98,-3
14:14:26:791,-99,-4
14:14:27:141,-99,0
14:14:27:491,-98,-3
14:14:27:841,-99,-2
14:14:28:191,-99,-6
14:14:28:542,-98,-2
14:14:28:892,-99,-2
14:14:29:242,-100,-4
14:14:29:592,-99,-5
14:14:29:942,-99,-1
14:14:30:294,-97,-1
14:14:30:643,-97,0
14:14:30:993,-97,-1
14:14:31:343,-98,0
14:14:32:044,-99,-1
14:14:32:394,-98,-2
14:14:32:744,-97,-2
14:14:33:094,-98,-3
14:14:33:444,-99,-1
14:14:33:795,-99,-2
14:14:34:145,-99,-2
14:14:34:495,-100,-3
14:14:35:195,-101,-11
14:14:35:546,-98,0
14:14:35:896,-99,-3
14:14:36:246,-94,3
14:14:36:596,-100,-3
14:14:36:946,-99,-1
14:14:37:297,-99,-3
14:14:37:997,-99,-5
14:14:38:347,-100,-3
14:14:38:698,-97,1
14:14:39:048,-96,0
14:14:39:398,-97,0
14:14:39:748,-96,1
14:14:40:098,-96,0
14:14:40:449,-97,1
14:14:40:799,-97,1
14:14:41:149,-97,0
14:14:41:499,-97,1
14:14:41:849,-99,0
14:14:42:200,-99,-2
14:14:42:550,-98,-4
14:14:42:900,-100,-5
14:14:43:250,-98,-1
14:14:43:951,-99,-6
14:14:44:651,-100,-13
14:14:45:001,-101,-10
14:14:45:351,-99,-5
14:14:45:702,-99,-3
14:14:46:052,-99,-5
14:14:46:402,-101,-10
14:14:46:752,-100,-10
14:14:47:102,-101,-11
14:14:47:453,-101,-12
14:14:48:153,-100,-9
14:14:48:503,-100,-6
14:14:48:853,-100,-6
14:14:49:204,-101,-8
14:14:49:554,-100,-14
14:14:49:904,-101,-11
14:14:50:254,-100,-11
14:14:50:604,-100,-15
14:14:50:955,-99,-10
14:14:51:305,-99,-5
14:14:51:655,-101,-12
14:14:52:355,-100,-8
14:14:53:056,-100,-9
14:14:53:406,-99,-10
14:14:53:756,-100,-4
14:14:54:106,-99,-2
14:14:54:457,-99,-2
14:14:54:807,-98,0
14:14:55:157,-98,-2
14:14:55:507,-98,-4
14:14:55:857,-98,-2
14:14:56:208,-99,-5
14:14:56:908,-99,-5
14:14:57:258,-100,-4
14:14:57:608,-101,-9
14:14:57:959,-101,-6
14:14:58:309,-98,-4
14:14:58:659,-101,-10
14:14:59:009,-99,-6
14:14:59:359,-100,-4
14:14:59:710,-99,-5
14:15:00:060,-99,-11
14:15:00:410,-101,-15
14:15:00:760,-100,-11
14:15:01:110,-99,-10
14:15:01:461,-100,-7
14:15:01:811,-99,-5
14:15:02:161,-99,-3
14:15:02:861,-100,-5
14:15:03:212,-100,-5
14:15:03:562,-100,-4
14:15:03:912,-100,-3
14:15:04:262,-100,-5
14:15:04:612,-99,-5
14:15:05:313,-99,-5
14:15:05:663,-99,-10
14:15:06:013,-101,-8
14:15:06:363,-100,-14
14:15:06:714,-99,-6
14:15:07:064,-101,-7
14:15:07:414,-100,-9
14:15:07:764,-100,-7
14:15:08:114,-101,-7
14:15:08:465,-101,-8
14:15:08:815,-98,-7
14:15:09:165,-100,-7
14:15:09:515,-99,-7
14:15:09:865,-99,-5
14:15:10:216,-99,-4
14:15:10:566,-99,-1
14:15:10:916,-98,-2
14:15:11:266,-100,-4
14:15:11:616,-98,-3
14:15:11:967,-98,-3
14:15:12:317,-98,-2
14:15:12:667,-99,0
14:15:13:017,-98,-3
14:15:13:367,-98,-2
14:15:13:718,-98,-3
14:15:14:418,-99,-2
14:15:14:768,-99,-1
14:15:15:118,-98,-1
14:15:15:469,-99,-2
14:15:15:819,-99,-3
14:15:16:169,-100,-4
14:15:16:519,-100,-4
14:15:16:869,-99,-5
14:15:17:220,-99,-6
14:15:17:570,-100,-5
14:15:17:920,-99,-6
14:15:18:270,-99,-4
14:15:18:621,-100,-4
14:15:18:971,-99,-5
14:15:19:321,-99,-6
14:15:19:671,-100,-5
14:15:20:021,-100,-3
14:15:20:372,-99,-5
14:15:20:722,-99,-5
14:15:21:072,-99,-3
14:15:21:421,-99,-2
14:15:21:772,-98,-3
14:15:22:123,-98,-2
14:15:22:473,-98,-1
14:15:22:823,-98,-1
14:15:23:173,-98,0
14:15:23:523,-98,-2
14:15:23:874,-98,-2
14:15:24:224,-98,-2
14:15:24:574,-99,-6
14:15:24:924,-100,-14
14:15:25:274,-101,-11
14:15:25:975,-100,-10
14:15:26:325,-99,-5
14:15:26:675,-99,-4
14:15:27:025,-99,-2
14:15:27:376,-99,-4
14:15:27:726,-99,-2
14:15:28:075,-99,-2
14:15:28:426,-99,-6
14:15:28:775,-101,-6
14:15:29:477,-101,-10
14:15:30:877,-101,-15
14:15:31:228,-100,-12
14:15:32:628,-100,-14
14:15:33:329,-99,-11
14:15:33:678,-101,-12
14:15:34:379,-101,-7
14:15:34:730,-100,-3
14:15:35:080,-100,-3
14:15:35:429,-99,-8
14:15:35:780,-101,-7
14:15:36:131,-99,-5
14:15:36:831,-99,-2
14:15:37:181,-100,-16
14:15:37:531,-99,-7
14:15:37:881,-99,-6
14:15:38:232,-99,-6
14:15:38:581,-101,-12
14:15:38:931,-101,-6
14:15:39:282,-99,-8
14:15:39:632,-99,-6
14:15:39:982,-99,-3
14:15:40:333,-100,-4
14:15:40:683,-100,-4
14:15:41:032,-99,-5
14:15:41:383,-98,-3
14:15:41:734,-99,-2
14:15:42:084,-101,-8
14:15:42:784,-98,-2
14:15:43:134,-98,-1
14:15:43:484,-98,-3
14:15:43:835,-98,-2
14:15:44:184,-98,-3
14:15:44:534,-99,-6
14:15:45:235,-99,-4
14:15:45:936,-100,-3
14:15:46:285,-99,-5
14:15:46:636,-100,-3
14:15:46:986,-99,-8
14:15:47:337,-100,-5
14:15:47:687,-99,-6
14:15:48:037,-99,-6
14:15:48:388,-99,-3
14:15:48:737,-101,-7
14:15:49:087,-99,-11
14:15:49:438,-100,-6
14:15:49:787,-101,-13
14:15:50:138,-99,-8
14:15:50:488,-99,-5
14:15:51:188,-99,-9
14:15:51:539,-100,-5
14:15:51:890,-101,-7
14:15:52:940,-99,-8
14:15:53:640,-99,-2
14:15:53:990,-99,-2
14:15:54:340,-98,-4
14:15:54:690,-99,-8
14:15:55:040,-100,-10
14:15:55:391,-100,-16
14:15:56:091,-100,-5
14:15:56:441,-100,-5
14:15:56:791,-98,-3
14:15:57:842,-100,-10
14:15:58:192,-101,-8
14:15:58:544,-100,-15
14:15:58:893,-101,-8
14:15:59:243,-99,-8
14:15:59:593,-100,-8
14:16:00:295,-98,-3
14:16:00:644,-100,-3
14:16:00:994,-99,-2
14:16:01:344,-99,-2
14:16:01:694,-100,-3
14:16:02:045,-100,-3
14:16:02:395,-99,-7
14:16:02:745,-100,-6
14:16:03:095,-99,-5
14:16:03:445,-99,-8
14:16:03:796,-99,-6
14:16:04:146,-100,-7
14:16:04:496,-100,-12
14:16:04:846,-101,-9
14:16:05:547,-99,-6
14:16:05:897,-101,-9
14:16:06:947,-99,-6
14:16:07:298,-100,-7
14:16:07:648,-100,-7
14:16:07:998,-99,-10
14:16:08:348,-100,-5
14:16:08:698,-100,-5
14:16:09:049,-101,-8
14:16:09:399,-100,-8
14:16:09:749,-100,-8
14:16:10:800,-100,-5
14:16:11:150,-100,-5
14:16:11:500,-99,-6
14:16:11:850,-100,-6
14:16:12:200,-101,-8
14:16:12:551,-101,-12
14:16:13:251,-101,-9
14:16:13:601,-101,-10
14:16:15:702,-101,-15
14:16:16:053,-100,-16
14:16:16:753,-101,-14
14:16:17:453,-101,-12
14:16:17:804,-100,-14
14:16:18:154,-101,-10
14:16:18:504,-101,-11
14:16:18:854,-100,-10
14:16:19:204,-101,-12
14:16:19:555,-101,-13
14:16:19:905,-100,-13
14:16:20:605,-100,-14
14:16:20:955,-100,-7
14:16:21:306,-99,-11
14:16:21:656,-100,-12
14:16:22:006,-101,-11
14:16:22:356,-101,-9
14:16:22:706,-101,-9
14:16:23:057,-100,-11
14:16:23:407,-100,-13
14:16:24:107,-101,-11
14:16:24:808,-100,-16
14:16:26:208,-101,-10
14:16:26:559,-100,-13
14:16:27:259,-101,-16
14:16:27:959,-101,-12
14:16:28:310,-100,-13
14:16:28:660,-101,-10
14:16:29:010,-100,-15
14:16:31:111,-100,-17
14:16:31:812,-101,-15
14:16:32:162,-101,-9
14:16:32:512,-101,-12
14:16:33:212,-100,-7
14:16:33:913,-100,-8
14:16:34:263,-101,-10
14:16:34:613,-101,-10
14:16:34:963,-101,-9
14:16:35:314,-99,-10
14:16:35:664,-100,-11
14:16:36:014,-99,-8
14:16:36:364,-100,-11
14:16:36:714,-100,-15
14:16:37:065,-100,-16
14:16:37:415,-100,-14
14:16:37:765,-101,-13
14:16:38:115,-101,-14
14:16:40:567,-100,-14
14:16:41:267,-100,-15
14:16:41:617,-101,-11
14:16:41:968,-100,-14
14:16:42:668,-100,-14
14:16:43:018,-100,-10
14:16:44:069,-101,-12
14:16:44:419,-101,-13
14:16:44:769,-99,-11
14:16:45:119,-101,-8
14:16:45:470,-101,-9
14:16:45:820,-100,-10
14:16:46:520,-101,-10
14:16:46:870,-101,-9
14:16:47:221,-101,-9
14:16:47:571,-101,-9
14:16:47:921,-99,-10
14:16:48:271,-101,-10
14:16:48:621,-100,-11
14:16:48:972,-101,-10
14:16:49:322,-101,-12
14:16:49:672,-101,-14
14:16:50:022,-100,-12
14:16:50:372,-101,-13
14:16:50:723,-101,-13
14:16:51:073,-101,-11
14:16:51:423,-101,-11
14:16:51:773,-101,-11
14:16:52:123,-101,-11
14:16:52:474,-100,-11
14:16:52:824,-100,-12
14:16:53:174,-100,-13
14:16:53:523,-100,-10
14:16:53:874,-99,-7
14:16:54:225,-101,-6
14:16:54:925,-99,-8
14:16:55:275,-100,-5
14:16:55:624,-99,-6
14:16:55:976,-100,-5
14:16:56:326,-100,-5
14:16:56:676,-99,-6
14:16:57:025,-100,-4
14:16:57:376,-99,-5
14:16:57:727,-100,-8
14:16:58:077,-99,-4
14:16:58:777,-100,-4
14:16:59:127,-99,-6
14:16:59:478,-100,-5
14:16:59:828,-100,-4
14:17:00:178,-101,-6
14:17:00:528,-100,-6
14:17:00:878,-100,-5
14:17:01:228,-100,-6
14:17:01:579,-99,-7
14:17:01:929,-99,-7
14:17:02:278,-99,-8
14:17:02:629,-100,-6
14:17:02:980,-99,-8
14:17:03:329,-101,-8
14:17:03:680,-99,-9
14:17:04:030,-101,-10
14:17:04:380,-100,-16
14:17:04:731,-101,-11
14:17:05:080,-101,-14
14:17:05:431,-100,-12
14:17:05:781,-100,-13
14:17:06:131,-101,-9
14:17:06:482,-101,-9
14:17:06:832,-101,-10
14:17:07:182,-101,-10
14:17:07:531,-101,-8
14:17:07:882,-99,-10
14:17:08:233,-100,-12
14:17:08:582,-100,-12
14:17:08:933,-101,-14
14:17:09:283,-100,-12
14:17:09:632,-101,-15
14:17:11:033,-100,-16
14:17:12:084,-100,-14
14:17:12:435,-101,-15
14:17:13:836,-100,-16
14:17:14:185,-100,-14
14:17:14:886,-101,-16
14:17:15:236,-101,-15
14:17:15:586,-100,-11
14:17:15:937,-101,-11
14:17:16:286,-100,-7
14:17:16:637,-100,-12
14:17:16:987,-101,-12
14:17:19:088,-101,-11
14:17:19:439,-101,-11
14:17:19:788,-101,-12
14:17:20:139,-101,-7
14:17:20:489,-101,-8
14:17:20:839,-100,-12
14:17:21:190,-100,-11
14:17:21:539,-101,-11
14:17:21:890,-100,-12
14:17:22:240,-100,-13
14:17:22:590,-100,-14
14:17:23:992,-101,-10
14:17:25:041,-101,-15
14:17:25:393,-100,-14
14:17:25:742,-101,-10
14:17:26:442,-101,-7
14:17:26:792,-100,-9
14:17:27:144,-99,-10
14:17:27:493,-101,-9
14:17:27:843,-101,-10
14:17:29:244,-100,-12
14:17:29:594,-100,-12
14:17:29:944,-100,-12
14:17:30:294,-100,-14
14:17:30:645,-100,-16
14:17:30:995,-100,-16
14:17:31:696,-101,-15
14:17:32:045,-101,-13
14:17:32:397,-100,-12
14:17:32:747,-101,-8
14:17:33:446,-99,-10
14:17:33:796,-100,-9
14:17:34:147,-101,-8
14:17:34:497,-101,-11
14:17:34:847,-101,-14
14:17:35:197,-100,-14
14:17:35:547,-101,-9
14:17:35:898,-101,-9
14:17:36:248,-100,-11
14:17:37:298,-101,-8
14:17:37:649,-99,-7
14:17:37:999,-100,-3
14:17:38:349,-99,-5
14:17:38:699,-99,-5
14:17:39:049,-100,-4
14:17:39:400,-101,-7
14:17:39:750,-100,-6
14:17:40:100,-99,-5
14:17:40:450,-100,-4
14:17:40:800,-100,-6
14:17:41:151,-99,-5
14:17:41:501,-99,-5
14:17:41:851,-98,-4
14:17:42:201,-99,-3
14:17:42:551,-99,-9
14:17:42:902,-101,-11
14:17:43:252,-101,-8
14:17:43:602,-100,-6
14:17:43:952,-99,-7
14:17:44:302,-100,-6
14:17:44:653,-99,-8
14:17:45:003,-100,-6
14:17:45:353,-100,-6
14:17:45:703,-99,-8
14:17:46:053,-100,-6
14:17:46:404,-99,-7
14:17:46:754,-101,-9
14:17:47:104,-101,-15
14:17:47:804,-100,-13
14:17:48:155,-100,-15
14:17:49:555,-101,-11
14:17:49:906,-101,-11
14:17:50:256,-100,-14
14:17:50:606,-101,-13
14:17:50:956,-100,-15
14:17:51:657,-101,-14
14:17:55:509,-101,-9
14:17:55:859,-101,-10
14:17:56:209,-100,-10
14:17:56:560,-100,-10
14:17:56:910,-99,-11
14:17:57:260,-100,-11
14:17:57:610,-100,-15
14:17:57:960,-101,-13
14:17:58:311,-101,-16
14:17:58:661,-101,-12
14:17:59:361,-101,-12
14:18:00:062,-100,-12
14:18:00:412,-100,-12
14:18:00:762,-101,-13
14:18:02:163,-101,-16
14:18:02:513,-100,-13
14:18:03:213,-100,-16
14:18:03:914,-100,-6
14:18:04:264,-101,-12
14:18:04:614,-101,-14
14:18:04:964,-101,-13
14:18:05:315,-99,-9
14:18:05:665,-100,-6
14:18:06:015,-99,-9
14:18:06:365,-99,-14
14:18:06:715,-100,-15
14:18:07:066,-99,-12
14:18:07:416,-99,-10
14:18:07:766,-99,-7
14:18:08:116,-99,-9
14:18:08:466,-101,-13
14:18:08:817,-100,-7
14:18:09:167,-100,-15
14:18:09:517,-101,-13
14:18:09:867,-101,-11
14:18:10:217,-99,-8
14:18:10:568,-101,-11
14:18:11:618,-101,-11
14:18:11:968,-100,-16
14:18:13:369,-101,-9
14:18:13:719,-100,-15
14:18:16:521,-101,-15
14:18:17:221,-100,-12
14:18:17:572,-101,-13
14:18:20:023,-101,-12
14:18:20:723,-101,-14
14:18:21:074,-100,-15
14:18:21:424,-101,-12
14:18:21:774,-101,-9
14:18:22:124,-100,-11
14:18:22:474,-100,-11
14:18:22:825,-101,-10
14:18:23:175,-100,-14
14:18:23:525,-100,-12
14:18:23:875,-101,-9
14:18:24:225,-100,-13
14:18:24:576,-100,-10
14:18:24:926,-99,-10
14:18:25:276,-100,-7
14:18:25:626,-100,-5
14:18:25:976,-99,-7
14:18:26:327,-100,-5
14:18:26:677,-100,-5
14:18:27:027,-101,-8
14:18:27:376,-99,-9
14:18:27:726,-100,-12
14:18:28:078,-101,-13
14:18:28:428,-101,-10
14:18:28:777,-101,-16
14:18:29:478,-100,-14
14:18:30:879,-101,-12
14:18:31:229,-100,-17
14:18:32:630,-101,-12
14:18:33:331,-100,-16
14:18:33:681,-101,-11
14:18:34:031,-100,-15
14:18:35:082,-101,-10
14:18:35:432,-101,-8
14:18:35:781,-100,-10
14:18:36:483,-100,-12
14:18:36:832,-100,-14
14:18:37:183,-101,-15
14:18:37:533,-100,-11
14:18:37:883,-100,-17
14:18:38:584,-100,-12
14:18:38:934,-101,-12
14:18:39:985,-100,-13
14:18:40:685,-100,-12
14:18:41:384,-100,-17
14:18:42:086,-100,-14
14:18:42:785,-101,-9
14:18:43:135,-101,-6
14:18:43:487,-100,-16
14:18:45:237,-101,-10
14:18:45:587,-99,-9
14:18:45:938,-100,-9
14:18:46:637,-100,-11
14:18:47:338,-101,-13
14:18:47:688,-101,-8
14:18:48:039,-100,-10
14:18:48:388,-100,-13
14:18:49:090,-100,-10
14:18:49:440,-101,-15
14:18:50:491,-101,-16
14:18:51:190,-100,-16
14:18:52:592,-100,-17
14:18:52:941,-100,-11
14:18:53:292,-101,-5
14:18:53:641,-100,-11
14:18:54:693,-101,-14
14:18:57:143,-101,-13
14:18:57:844,-100,-11
14:18:59:945,-101,-15
14:19:00:645,-101,-7
14:19:00:997,-101,-17
14:19:01:346,-101,-15
14:19:02:046,-101,-14
14:19:02:396,-101,-14
14:19:03:097,-100,-11
14:19:03:797,-100,-13
14:19:11:506,-100,-16
14:19:11:871,-100,-16
14:19:12:903,-100,-6
14:19:13:253,-100,-7
14:19:13:603,-101,-8
14:19:13:953,-101,-10
14:19:14:303,-101,-12
14:19:14:654,-99,-7
14:19:15:004,-100,-8
14:19:15:354,-100,-8
14:19:15:704,-100,-7
14:19:16:054,-100,-9
14:19:16:405,-100,-8
14:19:16:755,-99,-9
14:19:17:455,-99,-10
14:19:17:805,-100,-8
14:19:18:156,-100,-10
14:19:18:856,-100,-8
14:19:19:206,-101,-7
14:19:19:556,-101,-7
14:19:19:907,-100,-8
14:19:20:257,-99,-9
14:19:20:607,-101,-11
14:19:20:957,-101,-10
14:19:21:307,-100,-11
14:19:21:658,-101,-12
14:19:22:008,-101,-13
14:19:26:210,-100,-16
14:19:26:911,-100,-15
14:19:27:261,-101,-13
14:19:27:611,-101,-12
14:19:27:961,-101,-14
14:19:28:311,-100,-15
14:19:28:662,-101,-10
14:19:29:012,-100,-16
14:19:29:362,-100,-12
14:19:29:712,-101,-9
14:19:30:062,-99,-7
14:19:30:413,-100,-4
14:19:30:763,-99,-3
14:19:31:113,-100,-4
14:19:31:463,-99,-7
14:19:31:813,-101,-7
14:19:32:164,-100,-12
14:19:32:864,-101,-12
14:19:33:564,-100,-13
14:19:33:915,-100,-14
14:19:34:265,-101,-11
14:19:34:615,-101,-9
14:19:34:965,-100,-10
14:19:36:016,-99,-10
14:19:36:366,-100,-13
14:19:36:716,-100,-10
14:19:37:066,-100,-13
14:19:37:417,-100,-13
14:19:38:467,-99,-14
14:19:39:168,-101,-13
14:19:39:518,-100,-12
14:19:39:868,-101,-13
14:19:41:969,-101,-14
14:19:42:319,-101,-13
14:19:43:020,-100,-15
14:19:43:370,-101,-13
14:19:44:421,-101,-12
14:19:44:771,-100,-11
14:19:45:471,-100,-11
14:19:45:821,-100,-13
14:19:46:172,-100,-12
14:19:46:522,-101,-10
14:19:46:872,-100,-13
14:19:47:222,-101,-16
14:19:47:923,-99,-8
14:19:48:273,-99,-9
14:19:48:623,-101,-12
14:19:49:323,-101,-13
14:19:49:674,-101,-11
14:19:50:024,-101,-11
14:19:50:374,-100,-9
14:19:50:724,-99,-7
14:19:51:074,-101,-6
14:19:51:425,-100,-16
14:19:52:826,-100,-13
14:19:55:627,-100,-14
14:19:55:977,-101,-12
14:19:56:328,-101,-11
14:19:57:728,-101,-10
14:19:58:079,-101,-11
14:19:59:129,-100,-15
14:19:59:479,-100,-13
14:20:00:180,-101,-13
14:20:00:530,-101,-10
14:20:00:880,-101,-12
14:20:01:230,-100,-9
14:20:01:581,-100,-4
14:20:02:280,-98,-4
14:20:02:631,-100,-4
14:20:02:981,-101,-8
14:20:03:332,-100,-8
14:20:04:381,-99,-4
14:20:04:732,-99,-1
14:20:05:082,-99,-4
14:20:05:433,-100,-5
14:20:05:783,-100,-5
14:20:06:483,-100,-5
14:20:06:834,-98,-1
14:20:07:183,-99,-2
14:20:07:534,-101,-10
14:20:07:884,-100,-5
14:20:08:234,-99,-3
14:20:08:584,-100,-14
14:20:10:685,-100,-11
14:20:11:036,-100,-3
14:20:11:386,-99,-5
14:20:11:736,-98,-3
14:20:12:087,-99,-7
14:20:12:436,-100,-4
14:20:12:787,-99,-2
14:20:13:487,-99,-4
14:20:13:838,-101,-7
14:20:14:187,-101,-6
14:20:14:538,-99,-8
14:20:14:887,-101,-9
14:20:15:237,-101,-15
14:20:15:939,-100,-10
14:20:16:288,-100,-11
14:20:16:639,-100,-12
14:20:16:989,-101,-10
14:20:17:340,-100,-14
14:20:17:689,-101,-12
14:20:18:389,-101,-11
14:20:18:739,-101,-10
14:20:19:091,-101,-11
14:20:19:441,-100,-12
14:20:19:791,-101,-11
14:20:21:192,-101,-13
14:20:21:541,-100,-14
14:20:24:343,-101,-14
14:20:24:694,-100,-12
14:20:26:095,-100,-15
14:20:26:444,-100,-13
14:20:26:795,-101,-13
14:20:27:144,-100,-11
14:20:27:494,-101,-13
14:20:27:846,-100,-16
14:20:29:596,-100,-14
14:20:30:646,-100,-10
14:20:32:748,-100,-13
14:20:33:098,-101,-13
14:20:33:450,-101,-10
14:20:33:798,-100,-11
14:20:34:148,-101,-9
14:20:34:499,-101,-9
14:20:34:849,-101,-8
14:20:35:549,-100,-9
14:20:35:899,-100,-12
14:20:36:251,-101,-9
14:20:36:601,-100,-11
14:20:36:950,-101,-8
14:20:37:300,-101,-12
14:20:38:001,-100,-14
14:20:38:351,-101,-11
14:20:38:701,-101,-12
14:20:40:802,-100,-14
14:20:41:152,-101,-13
14:20:41:503,-100,-15
14:20:42:203,-101,-15
14:20:43:254,-100,-12
14:20:43:604,-102,-15
14:20:43:954,-101,-12
14:20:44:304,-99,-9
14:20:44:654,-100,-10
14:20:45:005,-101,-8
14:20:45:355,-101,-8
14:20:45:705,-100,-8
14:20:46:055,-100,-9
14:20:46:405,-100,-11
14:20:47:106,-101,-8
14:20:47:456,-101,-10
14:20:47:806,-100,-11
14:20:48:156,-100,-13
14:20:48:507,-100,-14
14:20:48:857,-101,-15
14:20:49:907,-101,-14
14:20:57:616,-101,-15
14:20:58:662,-100,-16
14:21:01:114,-100,-16
14:21:02:865,-100,-15
14:21:04:616,-101,-14
14:21:07:768,-101,-12
14:21:08:118,-101,-10
14:21:08:468,-101,-8
14:21:08:818,-101,-9
14:21:09:168,-101,-8
14:21:09:519,-100,-10
14:21:10:219,-100,-9
14:21:10:569,-100,-9
14:21:10:920,-101,-8
14:21:11:270,-100,-12
14:21:12:320,-101,-16
14:21:12:671,-101,-10
14:21:13:021,-101,-8
14:21:13:721,-100,-13
14:21:14:071,-101,-15
14:21:14:422,-100,-15
14:21:14:772,-101,-13
14:21:17:924,-100,-10
14:21:18:274,-100,-5
14:21:18:624,-100,-6
14:21:19:324,-101,-8
14:21:19:675,-100,-8
14:21:20:025,-100,-7
14:21:20:375,-100,-7
14:21:21:075,-99,-7
14:21:21:426,-99,-6
14:21:21:776,-101,-6
14:21:22:126,-99,-4
14:21:22:476,-99,-3
14:21:22:826,-99,-4
14:21:23:177,-100,-2
14:21:23:527,-100,-5
14:21:23:877,-100,-3
14:21:24:227,-99,-4
14:21:24:577,-99,-6
14:21:24:928,-99,0
14:21:25:278,-98,-4
14:21:25:628,-101,-8
14:21:25:978,-101,-11
14:21:26:328,-100,-11
14:21:26:679,-100,-8
14:21:27:029,-99,-8
14:21:27:379,-100,-9
14:21:27:729,-100,-9
14:21:28:079,-100,-9
14:21:28:430,-100,-9
14:21:28:780,-101,-7
14:21:29:130,-100,-8
14:21:29:480,-100,-12
14:21:29:830,-100,-14
14:21:30:530,-101,-12
14:21:30:881,-101,-13
14:21:31:231,-100,-15
14:21:32:632,-101,-14
14:21:32:982,-101,-13
14:21:33:332,-101,-7
14:21:33:683,-101,-7
14:21:34:033,-100,-14
14:21:34:383,-101,-13
14:21:34:732,-101,-6
14:21:35:083,-100,-4
14:21:35:434,-100,-6
14:21:35:784,-101,-12
14:21:36:134,-101,-10
14:21:36:484,-101,-8
14:21:36:833,-101,-8
14:21:37:184,-101,-7
14:21:37:885,-101,-9
14:21:38:234,-100,-11
14:21:38:585,-100,-12
14:21:38:936,-101,-12
14:21:39:285,-101,-10
14:21:39:636,-100,-15
14:21:39:986,-102,-12
14:21:40:686,-101,-12
14:21:42:086,-101,-9
14:21:42:438,-99,-10
14:21:43:137,-99,-6
14:21:44:188,-99,-9
14:21:44:539,-100,-11
14:21:44:889,-100,-11
14:21:45:238,-100,-10
14:21:45:588,-101,-8
14:21:45:939,-100,-14
14:21:48:390,-100,-14
14:21:49:091,-100,-16
14:21:49:441,-101,-14
14:21:49:791,-101,-12
14:21:50:142,-101,-15
14:21:51:543,-101,-12
14:21:51:892,-100,-13
14:21:52:243,-100,-14
14:21:52:593,-101,-14
14:21:52:944,-100,-13
14:21:53:293,-101,-11
14:21:53:993,-100,-11
14:21:54:345,-101,-10
14:21:54:695,-101,-10
14:21:55:044,-101,-10
14:21:55:394,-100,-15
14:21:57:495,-101,-16
14:21:58:196,-100,-17
14:21:58:546,-100,-15
14:21:59:246,-100,-16
14:21:59:598,-101,-15
14:21:59:947,-101,-13
14:22:01:348,-99,-8
14:22:01:699,-100,-11
14:22:02:048,-100,-12
14:22:02:398,-100,-11
14:22:02:749,-101,-13
14:22:03:099,-100,-12
14:22:03:449,-101,-10
14:22:04:499,-101,-14
14:22:04:850,-100,-14
14:22:05:550,-102,-12
14:22:09:752,-100,-14
14:22:10:103,-101,-13
14:22:10:453,-100,-14
14:22:10:803,-101,-12
14:22:11:503,-100,-14
14:22:12:204,-101,-15
14:22:12:904,-100,-15
14:22:13:254,-101,-13
14:22:13:605,-100,-15
14:22:13:955,-101,-13
14:22:14:305,-102,-14
14:22:14:655,-101,-16
14:22:17:107,-101,-15
14:22:17:457,-100,-14
14:22:18:157,-100,-15
14:22:18:858,-101,-17
14:22:23:410,-100,-16
14:22:41:271,-100,-17
14:22:59:418,-100,-16
14:23:01:870,-101,-15
14:23:02:220,-100,-16
14:23:02:920,-100,-16
14:23:05:722,-100,-15
14:23:06:072,-100,-14
14:23:06:422,-101,-13
14:23:06:772,-100,-15
14:23:07:123,-100,-15
14:23:09:224,-99,-16
14:23:10:975,-101,-15
14:24:46:698,-101,-16
14:26:41:900,-101,-15
14:26:42:950,-101,-15
14:26:44:701,-100,-17
14:26:45:402,-100,-13
14:26:45:752,-101,-14
14:26:46:452,-101,-14
14:26:48:553,-100,-16
14:26:49:954,-102,-15
14:26:52:756,-100,-17
14:26:55:558,-101,-16
14:26:55:908,-100,-16
14:26:57:659,-101,-13
14:26:58:009,-100,-15
14:26:58:359,-100,-14
14:27:06:414,-100,-15
14:27:07:464,-101,-17
14:27:10:267,-101,-13
14:27:10:616,-101,-15
14:27:10:966,-101,-10
14:27:11:667,-100,-14
14:27:22:523,-100,-13
14:27:24:974,-101,-13
14:27:25:325,-101,-12
14:27:26:025,-101,-15
14:27:29:527,-101,-14
14:27:34:080,-100,-15
14:27:34:430,-101,-15
14:27:35:481,-100,-14
14:27:35:831,-100,-14
14:27:36:181,-101,-14
14:27:36:531,-100,-15
14:27:44:240,-101,-11
14:27:44:605,-100,-17
14:27:48:787,-101,-13
14:27:49:138,-100,-15
14:27:49:489,-100,-14
14:27:50:188,-100,-15
14:27:55:092,-101,-17
14:28:02:800,-100,-10
14:28:03:165,-100,-11
14:28:05:597,-101,-10
14:28:05:947,-100,-12
14:28:06:647,-100,-12
14:28:06:998,-101,-11
14:28:07:349,-101,-11
14:28:08:398,-101,-10
14:28:08:750,-101,-13
14:28:09:799,-100,-13
14:28:10:149,-101,-11
14:28:11:200,-101,-11
14:28:11:550,-101,-13
14:28:11:900,-101,-12
14:28:12:951,-100,-12
14:28:13:301,-101,-12
14:28:13:651,-101,-17
14:28:16:803,-101,-17
14:28:23:107,-101,-13
14:28:23:457,-101,-15
14:28:24:158,-101,-13
14:28:25:208,-100,-15
14:28:25:558,-100,-13
14:28:25:909,-100,-10
14:28:26:259,-101,-7
14:28:26:609,-100,-12
14:28:27:309,-100,-18
14:28:27:660,-100,-15
14:28:28:360,-100,-12
14:28:29:060,-100,-8
14:28:29:411,-100,-6
14:28:29:761,-100,-5
14:28:30:111,-101,-8
14:28:30:461,-101,-7
14:28:30:811,-101,-7
14:28:31:862,-101,-9
14:28:32:212,-101,-13
14:28:32:562,-100,-12
14:28:32:913,-100,-13
14:28:34:313,-101,-11
14:28:34:664,-101,-13
14:28:35:014,-101,-7
14:28:35:364,-99,-3
14:28:35:714,-100,-6
14:28:36:415,-99,-6
14:28:36:765,-101,-6
14:28:37:115,-100,-9
14:28:37:465,-99,-9
14:28:37:815,-100,-7
14:28:38:866,-100,-7
14:28:39:216,-99,-7
14:28:39:566,-99,-7
14:28:39:917,-100,-7
14:28:40:267,-99,-9
14:28:40:617,-101,-8
14:28:40:967,-101,-7
14:28:41:317,-101,-7
14:28:41:668,-100,-8
14:28:42:018,-101,-10
14:28:43:769,-101,-12
14:28:44:119,-101,-11
14:28:44:819,-100,-16
14:28:46:570,-99,-9
14:28:46:921,-101,-7
14:28:47:271,-100,-12
14:28:48:672,-101,-12
14:28:49:372,-101,-16
14:28:49:722,-101,-13
14:28:50:072,-100,-15
14:28:50:423,-101,-13
14:28:52:174,-101,-16
14:28:54:625,-100,-13
14:28:56:026,-100,-15
14:28:59:528,-100,-16
14:29:01:979,-101,-17
14:29:07:232,-100,-15
14:29:07:583,-100,-16
14:29:09:333,-101,-16
14:29:10:384,-100,-15
14:29:16:337,-101,-15
14:29:16:688,-101,-16
14:29:17:037,-100,-18
14:29:24:746,-100,-14
14:29:33:511,-101,-12
14:29:34:197,-101,-8
14:29:34:547,-100,-10
14:29:34:897,-101,-13
14:29:35:248,-101,-12
14:29:36:298,-100,-16
14:29:37:699,-101,-14
14:29:38:399,-101,-13
14:29:38:750,-101,-13
14:29:39:101,-100,-14
14:29:39:450,-100,-16
14:29:39:800,-101,-15
14:29:40:150,-100,-15
14:29:40:851,-100,-14
14:29:41:201,-102,-14
14:29:41:552,-100,-15
14:29:41:901,-100,-12
14:29:42:252,-100,-10
14:29:42:602,-101,-9
14:29:42:952,-101,-8
14:29:43:302,-101,-11
14:29:43:652,-101,-13
14:29:44:004,-101,-11
14:29:44:353,-101,-10
14:29:44:703,-101,-12
14:29:45:053,-101,-12
14:29:45:754,-100,-14
14:29:46:104,-100,-13
14:29:46:454,-100,-13
14:29:46:804,-101,-11
14:29:47:154,-101,-12
14:29:47:855,-101,-12
14:29:48:205,-101,-12
14:29:48:555,-100,-13
14:29:48:905,-100,-11
14:29:49:256,-102,-14
14:29:49:606,-100,-12
14:29:49:956,-100,-15
14:29:50:306,-101,-17
14:29:51:007,-101,-14
14:29:51:357,-101,-12
14:29:51:707,-101,-13
14:29:52:057,-101,-12
14:29:52:407,-101,-14
14:29:52:758,-101,-15
14:29:53:108,-101,-13
14:29:53:458,-100,-14
14:29:54:509,-101,-14
14:29:56:960,-101,-16
14:29:57:310,-100,-16
14:29:57:660,-101,-14
14:30:00:462,-100,-13
14:30:01:863,-101,-13
14:30:02:213,-100,-15
14:30:02:563,-101,-12
14:30:02:913,-101,-11
14:30:03:264,-100,-15
14:30:03:964,-101,-12
14:30:04:314,-101,-13
14:30:04:664,-101,-12
14:30:05:015,-100,-17
14:30:11:330,-101,-12
14:30:11:669,-101,-14
14:30:13:069,-99,-10
14:30:13:770,-101,-11
14:30:14:820,-101,-14
14:30:16:221,-101,-14
14:30:16:571,-101,-10
14:30:17:272,-100,-12
14:30:17:622,-100,-13
14:30:17:972,-100,-14
14:30:26:377,-100,-16
14:30:26:728,-100,-12
14:30:27:077,-101,-10
14:30:27:428,-101,-15
14:30:27:778,-101,-9
14:30:28:128,-101,-10
14:30:28:478,-100,-12
14:30:28:828,-101,-14
14:30:29:879,-100,-12
14:30:30:229,-101,-13
14:30:31:980,-100,-12
14:30:32:330,-100,-13
14:30:32:681,-101,-10
14:30:33:031,-100,-12
14:30:33:381,-101,-12
14:30:33:731,-100,-13
14:30:34:081,-100,-15
14:30:34:432,-100,-13
14:30:34:782,-101,-12
14:30:35:132,-101,-14
