14:30:51:040,-101,-13
14:30:51:044,-100,-10
14:30:51:044,-99,-8
14:30:51:045,null
14:30:51:047,-100,-11
14:30:51:048,-100,-12
14:30:51:048,-100,-13
14:30:51:049,-101,-6
14:30:51:050,null
14:30:51:052,-101,-15
14:30:51:053,null
14:30:51:057,null
14:30:51:604,null
14:30:51:954,null
14:30:52:304,null
14:30:52:653,null
14:30:53:004,null
14:30:53:355,null
14:30:53:705,null
14:30:54:054,null
14:30:54:405,null
14:30:54:743,-101,-10
14:30:55:094,-101,-12
14:30:55:455,null
14:30:55:806,null
14:30:56:156,null
14:30:56:505,null
14:30:56:857,null
14:30:57:207,null
14:30:57:557,null
14:30:57:906,null
14:30:58:256,null
14:30:58:607,null
14:30:58:958,null
14:30:59:308,null
14:30:59:658,null
14:31:00:008,null
14:31:00:346,-100,-13
14:31:00:697,-100,-16
14:31:01:059,null
14:31:01:409,null
14:31:01:758,null
14:31:02:109,null
14:31:02:448,-100,-16
14:31:02:809,null
14:31:03:147,-101,-17
14:31:03:509,null
14:31:03:860,null
14:31:04:211,null
14:31:04:561,null
14:31:04:898,-100,-10
14:31:05:260,null
14:31:05:611,null
14:31:05:962,null
14:31:06:312,null
14:31:06:661,null
14:31:07:011,null
14:31:07:363,null
14:31:07:700,-99,-16
14:31:08:063,null
14:31:08:412,null
14:31:08:762,null
14:31:09:102,null
14:31:09:464,null
14:31:09:813,null
14:31:10:163,null
14:31:10:514,null
14:31:10:864,null
14:31:11:214,null
14:31:11:564,null
14:31:11:915,null
14:31:12:264,null
14:31:12:615,null
14:31:12:965,null
14:31:13:315,null
14:31:13:665,null
14:31:14:015,null
14:31:14:367,null
14:31:14:717,null
14:31:15:066,null
14:31:15:416,null
14:31:15:766,null
14:31:16:117,null
14:31:16:467,null
14:31:16:817,null
14:31:17:167,null
14:31:17:518,null
14:31:17:868,null
14:31:18:218,null
14:31:18:568,null
14:31:18:918,null
14:31:19:269,null
14:31:19:619,null
14:31:19:969,null
14:31:20:320,null
14:31:20:669,null
14:31:21:020,null
14:31:21:370,null
14:31:21:720,null
14:31:22:070,null
14:31:22:420,null
14:31:22:771,null
14:31:23:121,null
14:31:23:471,null
14:31:23:821,null
14:31:24:171,null
14:31:24:522,null
14:31:24:872,null
14:31:25:222,null
14:31:25:572,null
14:31:25:922,null
14:31:26:273,null
14:31:26:623,null
14:31:26:973,null
14:31:27:323,null
14:31:27:673,null
14:31:28:024,null
14:31:28:374,null
14:31:28:724,null
14:31:29:074,null
14:31:29:424,null
14:31:29:775,null
14:31:30:125,null
14:31:30:475,null
14:31:30:825,null
14:31:31:175,null
14:31:31:526,null
14:31:31:876,null
14:31:32:226,null
14:31:32:576,null
14:31:32:926,null
14:31:33:277,null
14:31:33:627,null
14:31:33:977,null
14:31:34:327,null
14:31:34:677,null
14:31:35:028,null
14:31:35:378,null
14:31:35:728,null
14:31:36:078,null
14:31:36:428,null
14:31:36:779,null
14:31:37:129,null
14:31:37:479,null
14:31:37:829,null
14:31:38:179,null
14:31:38:530,null
14:31:38:880,null
14:31:39:230,null
14:31:39:580,null
14:31:39:930,null
14:31:40:281,null
14:31:40:631,null
14:31:40:981,null
14:31:41:331,null
14:31:41:681,null
14:31:42:032,null
14:31:42:382,null
14:31:42:732,null
14:31:43:082,null
14:31:43:432,null
14:31:43:783,null
14:31:44:133,null
14:31:44:483,null
14:31:44:833,null
14:31:45:183,null
14:31:45:534,null
14:31:45:884,null
14:31:46:234,null
14:31:46:584,null
14:31:46:934,null
14:31:47:285,null
14:31:47:635,null
14:31:47:985,null
14:31:48:335,null
14:31:48:686,null
14:31:49:036,null
14:31:49:386,null
14:31:49:736,null
14:31:50:086,null
14:31:50:436,null
14:31:50:787,null
14:31:51:137,null
14:31:51:487,null
14:31:51:837,null
14:31:52:188,null
14:31:52:538,null
14:31:52:888,null
14:31:53:238,null
14:31:53:588,null
14:31:53:939,null
14:31:54:289,null
14:31:54:639,null
14:31:54:989,null
14:31:55:339,null
14:31:55:690,null
14:31:56:040,null
14:31:56:390,null
14:31:56:740,null
14:31:57:090,null
14:31:57:441,null
14:31:57:791,null
14:31:58:141,null
14:31:58:491,null
14:31:58:841,null
14:31:59:192,null
14:31:59:542,null
14:31:59:892,null
14:32:00:242,null
14:32:00:592,null
14:32:00:943,null
14:32:01:293,null
14:32:01:643,null
14:32:01:993,null
14:32:02:343,null
14:32:02:694,null
14:32:03:044,null
14:32:03:394,null
14:32:03:744,null
14:32:04:094,null
14:32:04:445,null
14:32:04:795,null
14:32:05:145,null
14:32:05:495,null
14:32:05:845,null
14:32:06:196,null
14:32:06:546,null
14:32:06:896,null
14:32:07:246,null
14:32:07:596,null
14:32:07:947,null
14:32:08:297,null
14:32:08:647,null
14:32:08:997,null
14:32:09:347,null
14:32:09:698,null
14:32:10:047,null
14:32:10:398,null
14:32:10:748,null
14:32:11:098,null
14:32:11:449,null
14:32:11:799,null
14:32:12:149,null
14:32:12:499,null
14:32:12:849,null
14:32:13:200,null
14:32:13:550,null
14:32:13:900,null
14:32:14:250,null
14:32:14:599,null
14:32:14:951,null
14:32:15:300,null
14:32:15:651,null
14:32:16:001,null
14:32:16:350,null
14:32:16:702,null
14:32:17:052,null
14:32:17:402,null
14:32:17:752,null
14:32:18:102,null
14:32:18:453,null
14:32:18:803,null
14:32:19:152,null
14:32:19:503,null
14:32:19:853,null
14:32:20:203,null
14:32:20:554,null
14:32:20:904,null
14:32:21:253,null
14:32:21:604,null
14:32:21:955,null
14:32:22:305,null
14:32:22:655,null
14:32:23:005,null
14:32:23:354,null
14:32:23:705,null
14:32:24:056,null
14:32:24:406,null
14:32:24:756,null
14:32:25:106,null
14:32:25:456,null
14:32:25:807,null
14:32:26:157,null
14:32:26:507,null
14:32:26:856,null
14:32:27:207,null
14:32:27:558,null
14:32:27:907,null
14:32:28:258,null
14:32:28:608,null
14:32:28:959,null
14:32:29:308,null
14:32:29:659,null
14:32:30:009,null
14:32:30:360,null
14:32:30:710,null
14:32:31:059,null
14:32:31:409,null
14:32:31:760,null
14:32:32:110,null
14:32:32:461,null
14:32:32:810,null
14:32:33:161,null
14:32:33:510,null
14:32:33:861,null
14:32:34:211,null
14:32:34:561,null
14:32:34:911,null
14:32:35:262,null
14:32:35:612,null
14:32:35:962,null
14:32:36:313,null
14:32:36:663,null
14:32:37:012,null
14:32:37:363,null
14:32:37:714,null
14:32:38:063,null
14:32:38:413,null
14:32:38:763,null
14:32:39:114,null
14:32:39:464,null
14:32:39:814,null
14:32:40:164,null
14:32:40:515,null
14:32:40:866,null
14:32:41:215,null
14:32:41:565,null
14:32:41:915,null
14:32:42:265,null
14:32:42:616,null
14:32:42:966,null
14:32:43:316,null
14:32:43:667,null
14:32:44:016,null
14:32:44:367,null
14:32:44:717,null
14:32:45:067,null
14:32:45:417,null
14:32:45:768,null
14:32:46:118,null
14:32:46:468,null
14:32:46:818,null
14:32:47:168,null
14:32:47:518,null
14:32:47:869,null
14:32:48:219,null
14:32:48:570,null
14:32:48:919,null
14:32:49:269,null
14:32:49:620,null
14:32:49:970,null
14:32:50:320,null
14:32:50:670,null
14:32:51:020,null
14:32:51:371,null
14:32:51:721,null
14:32:52:072,null
14:32:52:421,null
14:32:52:771,null
14:32:53:122,null
14:32:53:472,null
14:32:53:822,null
14:32:54:172,null
14:32:54:522,null
14:32:54:873,null
14:32:55:223,null
14:32:55:573,null
14:32:55:923,null
14:32:56:273,null
14:32:56:624,null
14:32:56:974,null
14:32:57:324,null
14:32:57:674,null
14:32:58:024,null
14:32:58:375,null
14:32:58:725,null
14:32:59:075,null
14:32:59:425,null
14:32:59:775,null
14:33:00:126,null
14:33:00:476,null
14:33:00:826,null
14:33:01:176,null
14:33:01:526,null
14:33:01:877,null
14:33:02:227,null
14:33:02:577,null
14:33:02:927,null
14:33:03:277,null
14:33:03:628,null
14:33:03:978,null
14:33:04:328,null
14:33:04:678,null
14:33:05:028,null
14:33:05:379,null
14:33:05:729,null
14:33:06:079,null
14:33:06:429,null
14:33:06:779,null
14:33:07:130,null
14:33:07:480,null
14:33:07:830,null
14:33:08:180,null
14:33:08:530,null
14:33:08:881,null
14:33:09:231,null
14:33:09:581,null
14:33:09:931,null
14:33:10:282,null
14:33:10:632,null
14:33:10:982,null
14:33:11:332,null
14:33:11:682,null
14:33:12:033,null
14:33:12:383,null
14:33:12:733,null
14:33:13:083,null
14:33:13:433,null
14:33:13:783,null
14:33:14:134,null
14:33:14:484,null
14:33:14:834,null
14:33:15:184,null
14:33:15:535,null
14:33:15:885,null
14:33:16:235,null
14:33:16:585,null
14:33:16:935,null
14:33:17:286,null
14:33:17:636,null
14:33:17:986,null
14:33:18:336,null
14:33:18:686,null
14:33:19:037,null
14:33:19:387,null
14:33:19:737,null
14:33:20:087,null
14:33:20:437,null
14:33:20:788,null
14:33:21:138,null
14:33:21:488,null
14:33:21:838,null
14:33:22:188,null
14:33:22:539,null
14:33:22:889,null
14:33:23:239,null
14:33:23:589,null
14:33:23:939,null
14:33:24:290,null
14:33:24:640,null
14:33:24:990,null
14:33:25:340,null
14:33:25:690,null
14:33:26:041,null
14:33:26:391,null
14:33:26:741,null
14:33:27:091,null
14:33:27:441,null
14:33:27:792,null
14:33:28:142,null
14:33:28:492,null
14:33:28:842,null
14:33:29:192,null
14:33:29:543,null
14:33:29:893,null
14:33:30:243,null
14:33:30:593,null
14:33:30:943,null
14:33:31:294,null
14:33:31:644,null
14:33:31:994,null
14:33:32:344,null
14:33:32:694,null
14:33:33:045,null
14:33:33:395,null
14:33:33:745,null
14:33:34:095,null
14:33:34:445,null
14:33:34:796,null
14:33:35:146,null
14:33:35:496,null
14:33:35:846,null
14:33:36:196,null
14:33:36:547,null
14:33:36:897,null
14:33:37:247,null
14:33:37:597,null
14:33:37:947,null
14:33:38:298,null
14:33:38:648,null
14:33:38:998,null
14:33:39:348,null
14:33:39:698,null
14:33:40:049,null
14:33:40:399,null
14:33:40:749,null
14:33:41:099,null
14:33:41:449,null
14:33:41:798,-99,-16
14:33:42:150,null
14:33:42:500,null
14:33:42:838,-99,-17
14:33:43:200,null
14:33:43:538,-100,-15
14:33:43:889,null
14:33:44:239,-98,-14
14:33:44:601,null
14:33:44:951,null
14:33:45:290,-99,-15
14:33:45:652,null
14:33:45:990,-99,-15
14:33:46:339,-100,-12
14:33:46:690,-99,-11
14:33:47:041,-99,-13
14:33:47:403,null
14:33:47:741,-99,-13
14:33:48:103,null
14:33:48:454,null
14:33:48:804,null
14:33:49:142,-100,-15
14:33:49:503,null
14:33:49:842,-99,-17
14:33:50:191,-99,-15
14:33:50:555,null
14:33:50:905,null
14:33:51:255,null
14:33:51:593,-99,-14
14:33:51:955,null
14:33:52:306,null
14:33:52:656,null
14:33:53:006,null
14:33:53:356,null
14:33:53:706,null
14:33:54:045,-99,-15
14:33:54:407,null
14:33:54:756,null
14:33:55:106,null
14:33:55:458,null
14:33:55:808,null
14:33:56:146,-100,-8
14:33:56:496,-100,-10
14:33:56:857,null
14:33:57:196,-100,-9
14:33:57:546,-100,-6
14:33:57:896,-101,-15
14:33:58:259,null
14:33:58:609,null
14:33:58:960,null
14:33:59:310,null
14:33:59:659,null
14:34:00:009,null
14:34:00:359,null
14:34:00:711,null
14:34:01:061,null
14:34:01:410,null
14:34:01:761,null
14:34:02:111,null
14:34:02:461,null
14:34:02:811,null
14:34:03:161,null
14:34:03:499,-101,-7
14:34:03:850,-100,-12
14:34:04:201,-100,-14
14:34:04:551,-101,-9
14:34:04:900,-100,-3
14:34:05:251,-98,-2
14:34:05:600,-98,-2
14:34:05:964,null
14:34:06:301,-98,-3
14:34:06:652,-98,-1
14:34:07:001,-98,-2
14:34:07:352,-99,-2
14:34:07:703,-100,-3
14:34:08:052,-100,-4
14:34:08:403,-99,-3
14:34:08:765,null
14:34:09:102,-99,-4
14:34:09:453,-99,-4
14:34:09:803,-100,-2
14:34:10:166,null
14:34:10:503,-99,-9
14:34:10:854,-101,-5
14:34:11:216,null
14:34:11:555,-100,-5
14:34:11:917,null
14:34:12:266,null
14:34:12:616,null
14:34:12:967,null
14:34:13:305,-101,-7
14:34:13:655,-99,-6
14:34:14:005,-100,-5
14:34:14:356,-99,-8
14:34:14:706,-99,-8
14:34:15:056,-101,-9
14:34:15:407,-101,-6
14:34:15:756,-100,-4
14:34:16:118,null
14:34:16:469,null
14:34:16:807,-101,-6
14:34:17:157,-101,-10
14:34:17:507,-101,-12
14:34:17:857,-100,-15
14:34:18:220,null
14:34:18:571,null
14:34:18:920,null
14:34:19:270,null
14:34:19:620,null
14:34:19:971,null
14:34:20:321,null
14:34:20:671,null
14:34:21:021,null
14:34:21:359,-101,-15
14:34:21:710,-99,-9
14:34:22:060,-99,-9
14:34:22:410,-101,-9
14:34:22:760,-101,-9
14:34:23:110,-99,-11
14:34:23:473,null
14:34:23:811,-101,-11
14:34:24:161,-100,-11
14:34:24:511,-100,-10
14:34:24:874,null
14:34:25:212,-100,-10
14:34:25:562,-100,-10
14:34:25:912,-101,-7
14:34:26:262,-101,-7
14:34:26:612,-100,-7
14:34:26:963,-99,-7
14:34:27:313,-101,-6
14:34:27:663,-101,-8
14:34:28:013,-101,-8
14:34:28:363,-100,-10
14:34:28:714,-100,-8
14:34:29:064,-101,-8
14:34:29:414,-101,-8
14:34:29:764,-99,-7
14:34:30:114,-100,-9
14:34:30:465,-101,-11
14:34:30:815,-101,-7
14:34:31:177,null
14:34:31:515,-100,-4
14:34:31:878,null
14:34:32:228,null
14:34:32:566,-99,-8
14:34:32:916,-100,-8
14:34:33:266,-101,-9
14:34:33:629,null
14:34:33:967,-100,-9
14:34:34:317,-101,-6
14:34:34:667,-101,-10
14:34:35:017,-100,-13
14:34:35:368,-100,-14
14:34:35:730,null
14:34:36:080,null
14:34:36:430,null
14:34:36:780,null
14:34:37:131,null
14:34:37:481,null
14:34:37:819,-100,-16
14:34:38:181,null
14:34:38:531,null
14:34:38:882,null
14:34:39:232,null
14:34:39:582,null
14:34:39:932,null
14:34:40:282,null
14:34:40:633,null
14:34:40:971,-101,-12
14:34:41:321,-99,-6
14:34:41:671,-99,-6
14:34:42:033,null
14:34:42:384,null
14:34:42:722,-99,-7
14:34:43:072,-99,-9
14:34:43:422,-99,-9
14:34:43:772,-101,-10
14:34:44:123,-101,-14
14:34:44:473,-101,-14
14:34:44:835,null
14:34:45:173,-101,-11
14:34:45:523,-99,-10
14:34:45:874,-101,-9
14:34:46:224,-100,-10
14:34:46:574,-100,-11
14:34:46:924,-100,-9
14:34:47:274,-100,-12
14:34:47:637,null
14:34:47:975,-101,-8
14:34:48:325,-101,-7
14:34:48:675,-99,-7
14:34:49:037,null
14:34:49:376,-101,-8
14:34:49:726,-99,-9
14:34:50:088,null
14:34:50:426,-99,-9
14:34:50:776,-99,-8
14:34:51:127,-101,-7
14:34:51:477,-99,-8
14:34:51:839,null
14:34:52:177,-101,-8
14:34:52:527,-100,-10
14:34:52:878,-100,-8
14:34:53:228,-99,-8
14:34:53:578,-101,-7
14:34:53:928,-99,-8
14:34:54:278,-101,-9
14:34:54:629,-100,-12
14:34:54:979,-101,-10
14:34:55:329,-101,-12
14:34:55:691,null
14:34:56:029,-101,-10
14:34:56:380,-101,-12
14:34:56:730,-100,-15
14:34:57:092,null
14:34:57:430,-101,-13
14:34:57:780,-101,-12
14:34:58:143,null
14:34:58:493,null
14:34:58:843,null
14:34:59:193,null
14:34:59:544,null
14:34:59:882,-101,-14
14:35:00:232,-100,-13
14:35:00:594,null
14:35:00:932,-101,-11
14:35:01:282,-100,-12
14:35:01:633,-101,-12
14:35:01:983,-101,-11
14:35:02:333,-100,-12
14:35:02:683,-101,-11
14:35:03:033,-100,-12
14:35:03:384,-101,-12
14:35:03:734,-101,-13
14:35:04:084,-101,-13
14:35:04:434,-101,-13
14:35:04:797,null
14:35:05:135,-100,-12
14:35:05:497,null
14:35:05:847,null
14:35:06:197,null
14:35:06:535,-100,-14
14:35:06:886,-100,-14
14:35:07:236,-100,-15
14:35:07:586,-100,-16
14:35:07:948,null
14:35:08:299,null
14:35:08:637,-100,-16
14:35:08:999,null
14:35:09:337,-100,-17
14:35:09:699,null
14:35:10:038,-101,-14
14:35:10:388,-101,-14
14:35:10:750,null
14:35:11:100,null
14:35:11:450,null
14:35:11:801,null
14:35:12:139,-100,-13
14:35:12:489,-101,-11
14:35:12:839,-100,-13
14:35:13:189,-101,-9
14:35:13:540,-100,-11
14:35:13:890,-100,-13
14:35:14:240,-100,-14
14:35:14:590,-101,-13
14:35:14:940,-100,-11
14:35:15:291,-101,-9
14:35:15:641,-100,-10
14:35:15:990,-100,-13
14:35:16:341,-101,-14
14:35:16:691,-101,-13
14:35:17:041,-101,-13
14:35:17:404,null
14:35:17:742,-101,-12
14:35:18:092,-101,-13
14:35:18:442,-100,-14
14:35:18:793,-100,-15
14:35:19:143,-101,-13
14:35:19:505,null
14:35:19:854,null
14:35:20:193,-101,-14
14:35:20:544,-100,-14
14:35:20:893,-101,-14
14:35:21:256,null
14:35:21:594,-102,-15
14:35:21:955,null
14:35:22:295,-100,-15
14:35:22:645,-101,-14
14:35:22:995,-100,-15
14:35:23:345,-101,-13
14:35:23:706,null
14:35:24:058,null
14:35:24:408,null
14:35:24:758,null
14:35:25:096,-100,-17
14:35:25:457,null
14:35:25:809,null
14:35:26:158,null
14:35:26:509,null
14:35:26:858,null
14:35:27:196,-101,-13
14:35:27:548,-101,-13
14:35:27:898,-101,-13
14:35:28:260,null
14:35:28:598,-101,-14
14:35:28:948,-100,-17
14:35:29:299,-100,-15
14:35:29:660,null
14:35:29:998,-101,-16
14:35:30:360,null
14:35:30:698,-100,-11
14:35:31:050,-100,-10
14:35:31:399,-100,-10
14:35:31:749,-100,-10
14:35:32:112,null
14:35:32:450,-100,-11
14:35:32:800,-100,-11
14:35:33:150,-100,-13
14:35:33:501,-101,-13
14:35:33:851,-101,-12
14:35:34:200,-100,-15
14:35:34:552,-101,-12
14:35:34:902,-100,-16
14:35:35:251,-100,-14
14:35:35:601,-100,-15
14:35:35:952,-101,-16
14:35:36:314,null
14:35:36:664,null
14:35:37:003,-101,-12
14:35:37:352,-100,-15
14:35:37:716,null
14:35:38:065,null
14:35:38:415,null
14:35:38:754,-101,-12
14:35:39:103,-100,-14
14:35:39:466,null
14:35:39:805,-100,-17
14:35:40:166,null
14:35:40:504,-102,-15
14:35:40:867,null
14:35:41:217,null
14:35:41:568,null
14:35:41:918,null
14:35:42:268,null
14:35:42:605,-100,-16
14:35:42:955,-102,-16
14:35:43:319,null
14:35:43:668,null
14:35:44:018,null
14:35:44:368,null
14:35:44:719,null
14:35:45:069,null
14:35:45:419,null
14:35:45:770,null
14:35:46:120,null
14:35:46:470,null
14:35:46:821,null
14:35:47:170,null
14:35:47:520,null
14:35:47:870,null
14:35:48:221,null
14:35:48:572,null
14:35:48:921,null
14:35:49:271,null
14:35:49:622,null
14:35:49:959,null
14:35:50:311,-100,-17
14:35:50:672,null
14:35:51:022,null
14:35:51:372,null
14:35:51:723,null
14:35:52:073,null
14:35:52:423,null
14:35:52:773,null
14:35:53:123,null
14:35:53:474,null
14:35:53:824,null
14:35:54:174,null
14:35:54:524,null
14:35:54:874,null
14:35:55:225,null
14:35:55:575,null
14:35:55:925,null
14:35:56:275,null
14:35:56:625,null
14:35:56:976,null
14:35:57:326,null
14:35:57:676,null
14:35:58:026,null
14:35:58:376,null
14:35:58:727,null
14:35:59:077,null
14:35:59:427,null
14:35:59:777,null
14:36:00:127,null
14:36:00:478,null
14:36:00:828,null
14:36:01:178,null
14:36:01:528,null
14:36:01:878,null
14:36:02:229,null
14:36:02:579,null
14:36:02:929,null
14:36:03:279,null
14:36:03:629,null
14:36:03:980,null
14:36:04:330,null
14:36:04:680,null
14:36:05:030,null
14:36:05:380,null
14:36:05:731,null
14:36:06:081,null
14:36:06:431,null
14:36:06:781,null
14:36:07:132,null
14:36:07:482,null
14:36:07:832,null
14:36:08:182,null
14:36:08:532,null
14:36:08:883,null
14:36:09:233,null
14:36:09:583,null
14:36:09:933,null
14:36:10:283,null
14:36:10:634,null
14:36:10:984,null
14:36:11:334,null
14:36:11:684,null
14:36:12:034,null
14:36:12:385,null
14:36:12:735,null
14:36:13:085,null
14:36:13:435,null
14:36:13:785,null
14:36:14:136,null
14:36:14:486,null
14:36:14:836,null
14:36:15:186,null
14:36:15:536,null
14:36:15:887,null
14:36:16:237,null
14:36:16:587,null
14:36:16:937,null
14:36:17:287,null
14:36:17:638,null
14:36:17:988,null
14:36:18:338,null
14:36:18:688,null
14:36:19:038,null
14:36:19:389,null
14:36:19:739,null
14:36:20:089,null
14:36:20:439,null
14:36:20:777,-101,-14
14:36:21:128,-101,-11
14:36:21:478,-100,-15
14:36:21:828,-101,-15
14:36:22:190,null
14:36:22:540,null
14:36:22:891,null
14:36:23:241,null
14:36:23:591,null
14:36:23:941,null
14:36:24:291,null
14:36:24:642,null
14:36:24:992,null
14:36:25:342,null
14:36:25:692,null
14:36:26:042,null
14:36:26:393,null
14:36:26:743,null
14:36:27:093,null
14:36:27:443,null
14:36:27:793,null
14:36:28:144,null
14:36:28:494,null
14:36:28:844,null
14:36:29:194,null
14:36:29:537,-101,-14
14:36:29:902,-101,-16
14:36:30:245,null
14:36:30:583,-101,-14
14:36:30:945,null
14:36:31:283,null
14:36:31:646,null
14:36:31:996,null
14:36:32:346,null
14:36:32:696,null
14:36:33:046,null
14:36:33:397,null
14:36:33:747,null
14:36:34:097,null
14:36:34:447,null
14:36:34:797,null
14:36:35:148,null
14:36:35:498,null
14:36:35:848,null
14:36:36:198,null
14:36:36:548,null
14:36:36:899,null
14:36:37:249,null
14:36:37:599,null
14:36:37:949,null
14:36:38:299,null
14:36:38:650,null
14:36:39:000,null
14:36:39:358,-101,-13
14:36:39:700,null
14:36:40:038,-101,-13
14:36:40:401,null
14:36:40:751,null
14:36:41:089,-100,-16
14:36:41:451,null
14:36:41:802,null
14:36:42:152,null
14:36:42:502,null
14:36:42:852,null
14:36:43:202,null
14:36:43:552,null
14:36:43:903,null
14:36:44:253,null
14:36:44:603,null
14:36:44:953,null
14:36:45:304,null
14:36:45:654,null
14:36:46:004,null
14:36:46:354,null
14:36:46:703,null
14:36:47:055,null
14:36:47:405,null
14:36:47:754,null
14:36:48:105,null
14:36:48:455,null
14:36:48:798,-100,-16
14:36:49:156,null
14:36:49:506,null
14:36:49:856,null
14:36:50:206,null
14:36:50:556,null
14:36:50:906,null
14:36:51:257,null
14:36:51:607,null
14:36:51:957,null
14:36:52:308,null
14:36:52:658,null
14:36:53:008,null
14:36:53:357,null
14:36:53:708,null
14:36:54:058,null
14:36:54:409,null
14:36:54:759,null
14:36:55:109,null
14:36:55:459,null
14:36:55:810,null
14:36:56:160,null
14:36:56:509,null
14:36:56:860,null
14:36:57:210,null
14:36:57:561,null
14:36:57:911,null
14:36:58:261,null
14:36:58:611,null
14:36:58:961,null
14:36:59:311,null
14:36:59:662,null
14:37:00:012,null
14:37:00:361,null
14:37:00:712,null
14:37:01:062,null
14:37:01:412,null
14:37:01:763,null
14:37:02:113,null
14:37:02:463,null
14:37:02:814,null
14:37:03:163,null
14:37:03:514,null
14:37:03:863,null
14:37:04:214,null
14:37:04:565,null
14:37:04:915,null
14:37:05:264,null
14:37:05:614,null
14:37:05:965,null
14:37:06:316,null
14:37:06:665,null
14:37:07:015,null
14:37:07:365,null
14:37:07:716,null
14:37:08:066,null
14:37:08:416,null
14:37:08:767,null
14:37:09:117,null
14:37:09:466,null
14:37:09:817,null
14:37:10:168,null
14:37:10:518,null
14:37:10:867,null
14:37:11:218,null
14:37:11:568,null
14:37:11:919,null
14:37:12:268,null
14:37:12:618,null
14:37:12:970,null
14:37:13:320,null
14:37:13:669,null
14:37:14:019,null
14:37:14:369,null
14:37:14:720,null
14:37:15:071,null
14:37:15:420,null
14:37:15:770,null
14:37:16:120,null
14:37:16:472,null
14:37:16:822,null
14:37:17:171,null
14:37:17:521,null
14:37:17:871,null
14:37:18:222,null
14:37:18:572,null
14:37:18:923,null
14:37:19:272,null
14:37:19:622,null
14:37:19:973,null
14:37:20:323,null
14:37:20:673,null
14:37:21:023,null
14:37:21:373,null
14:37:21:725,null
14:37:22:074,null
14:37:22:424,null
14:37:22:774,null
14:37:23:124,null
14:37:23:475,null
14:37:23:825,null
14:37:24:175,null
14:37:24:525,null
14:37:24:875,null
14:37:25:226,null
14:37:25:576,null
14:37:25:926,null
14:37:26:276,null
14:37:26:626,null
14:37:26:977,null
14:37:27:327,null
14:37:27:677,null
14:37:28:027,null
14:37:28:377,null
14:37:28:728,null
14:37:29:078,null
14:37:29:428,null
14:37:29:778,null
14:37:30:128,null
14:37:30:479,null
14:37:30:829,null
14:37:31:179,null
14:37:31:529,null
14:37:31:879,null
14:37:32:230,null
14:37:32:580,null
14:37:32:930,null
14:37:33:280,null
14:37:33:630,null
14:37:33:981,null
14:37:34:331,null
14:37:34:681,null
14:37:35:031,null
14:37:35:381,null
14:37:35:732,null
14:37:36:082,null
14:37:36:432,null
14:37:36:782,null
14:37:37:132,null
14:37:37:483,null
14:37:37:833,null
14:37:38:183,null
14:37:38:533,null
14:37:38:883,null
14:37:39:234,null
14:37:39:584,null
14:37:39:934,null
14:37:40:284,null
14:37:40:634,null
14:37:40:985,null
14:37:41:335,null
14:37:41:685,null
14:37:42:035,null
14:37:42:385,null
14:37:42:736,null
14:37:43:086,null
14:37:43:436,null
14:37:43:786,null
14:37:44:136,null
14:37:44:487,null
14:37:44:837,null
14:37:45:187,null
14:37:45:537,null
14:37:45:888,null
14:37:46:238,null
14:37:46:588,null
14:37:46:938,null
14:37:47:288,null
14:37:47:639,null
14:37:47:989,null
14:37:48:339,null
14:37:48:689,null
14:37:49:039,null
14:37:49:390,null
14:37:49:740,null
14:37:50:090,null
14:37:50:440,null
14:37:50:790,null
14:37:51:141,null
14:37:51:491,null
14:37:51:841,null
14:37:52:191,null
14:37:52:541,null
14:37:52:892,null
14:37:53:242,null
14:37:53:592,null
14:37:53:942,null
14:37:54:292,null
14:37:54:643,null
14:37:54:993,null
14:37:55:343,null
14:37:55:693,null
14:37:56:043,null
14:37:56:394,null
14:37:56:744,null
14:37:57:094,null
14:37:57:444,null
14:37:57:794,null
14:37:58:145,null
14:37:58:495,null
14:37:58:845,null
14:37:59:195,null
14:37:59:545,null
14:37:59:896,null
14:38:00:246,null
14:38:00:596,null
14:38:00:946,null
14:38:01:296,null
14:38:01:647,null
14:38:01:997,null
14:38:02:347,null
14:38:02:697,null
14:38:03:047,null
14:38:03:398,null
14:38:03:748,null
14:38:04:098,null
14:38:04:448,null
14:38:04:798,null
14:38:05:149,null
14:38:05:499,null
14:38:05:849,null
14:38:06:199,null
14:38:06:549,null
14:38:06:900,null
14:38:07:250,null
14:38:07:600,null
14:38:07:950,null
14:38:08:288,-101,-13
14:38:08:638,null
14:38:09:001,null
14:38:09:351,null
14:38:09:689,-100,-17
14:38:10:039,-100,-15
14:38:10:402,null
14:38:10:740,-101,-14
14:38:11:090,-101,-15
14:38:11:440,-101,-14
14:38:11:802,null
14:38:12:141,-101,-13
14:38:12:491,-101,-12
14:38:12:841,-100,-13
14:38:13:191,-101,-12
14:38:13:553,null
14:38:13:904,null
14:38:14:242,null
14:38:14:604,null
14:38:14:954,null
14:38:15:304,null
14:38:15:654,null
14:38:16:005,null
14:38:16:355,null
14:38:16:705,null
14:38:17:043,-100,-17
14:38:17:406,null
14:38:17:756,null
14:38:18:094,-100,-15
14:38:18:444,-101,-14
14:38:18:794,-101,-15
14:38:19:157,null
14:38:19:495,-101,-12
14:38:19:845,-101,-14
14:38:20:206,null
14:38:20:558,null
14:38:20:908,null
14:38:21:246,null
14:38:21:596,-100,-15
14:38:21:946,-101,-13
14:38:22:296,-101,-14
14:38:22:647,-101,-12
14:38:22:997,-100,-15
14:38:23:346,-101,-12
14:38:23:697,-100,-14
14:38:24:047,-100,-16
14:38:24:398,-100,-17
14:38:24:748,-101,-14
14:38:25:098,-100,-15
14:38:25:447,-100,-12
14:38:25:798,-100,-14
14:38:26:149,-101,-15
14:38:26:499,-101,-14
14:38:26:861,null
14:38:27:199,-100,-14
14:38:27:562,null
14:38:27:899,-101,-15
14:38:28:250,-100,-16
14:38:28:601,-100,-16
14:38:28:949,-101,-15
14:38:29:300,-100,-15
14:38:29:651,-101,-14
14:38:30:012,null
14:38:30:350,-100,-11
14:38:30:701,-100,-14
14:38:31:052,-101,-14
14:38:31:402,-101,-14
14:38:31:751,-101,-13
14:38:32:102,-101,-14
14:38:32:451,-101,-13
14:38:32:802,-102,-14
14:38:33:165,null
14:38:33:503,-100,-14
14:38:33:852,-100,-15
14:38:34:202,-100,-15
14:38:34:565,null
14:38:34:915,null
14:38:35:254,-100,-14
14:38:35:616,null
14:38:35:966,null
14:38:36:305,-101,-13
14:38:36:654,-101,-11
14:38:37:005,-100,-12
14:38:37:355,-100,-13
14:38:37:704,-100,-11
14:38:38:056,-100,-10
14:38:38:405,-100,-12
14:38:38:756,-101,-10
14:38:39:105,-101,-10
14:38:39:467,null
14:38:39:806,-101,-8
14:38:40:157,-101,-8
14:38:40:506,-101,-8
14:38:40:868,null
14:38:41:206,-100,-10
14:38:41:557,-100,-11
14:38:41:908,-100,-10
14:38:42:258,-101,-7
14:38:42:607,-101,-8
14:38:42:957,-100,-10
14:38:43:309,-101,-9
14:38:43:658,-101,-7
14:38:44:008,-100,-9
14:38:44:371,null
14:38:44:708,-100,-12
14:38:45:060,-100,-12
14:38:45:409,-100,-13
14:38:45:759,-101,-11
14:38:46:110,-100,-11
14:38:46:460,-100,-10
14:38:46:810,-100,-11
14:38:47:160,-100,-12
14:38:47:522,null
14:38:47:860,-100,-13
14:38:48:211,-100,-12
14:38:48:562,-100,-11
14:38:48:911,-101,-11
14:38:49:261,-101,-10
14:38:49:624,null
14:38:49:962,-101,-11
14:38:50:312,-100,-13
14:38:50:662,-100,-13
14:38:51:012,-100,-13
14:38:51:374,null
14:38:51:725,null
14:38:52:063,-101,-11
14:38:52:425,null
14:38:52:763,-100,-12
14:38:53:113,-101,-11
14:38:53:463,-101,-11
14:38:53:815,-100,-16
14:38:54:177,null
14:38:54:514,-100,-11
14:38:54:864,-99,-7
14:38:55:214,-101,-8
14:38:55:565,-100,-10
14:38:55:915,-100,-6
14:38:56:266,-101,-6
14:38:56:627,null
14:38:56:965,-100,-4
14:38:57:316,-100,-3
14:38:57:666,-99,-4
14:38:58:028,null
14:38:58:366,-99,-1
14:38:58:717,-99,-2
14:38:59:067,-99,-2
14:38:59:417,-99,-6
14:38:59:767,-99,-6
14:39:00:117,-99,-7
14:39:00:467,-99,-6
14:39:00:818,-100,-4
14:39:01:168,-98,-3
14:39:01:518,-99,-4
14:39:01:868,-99,-4
14:39:02:219,-100,-5
14:39:02:569,-100,-5
14:39:02:919,-100,-11
14:39:03:269,-100,-6
14:39:03:619,-100,-5
14:39:03:982,null
14:39:04:332,null
14:39:04:670,-100,-6
14:39:05:020,-101,-7
14:39:05:370,-100,-10
14:39:05:721,-99,-8
14:39:06:071,-100,-5
14:39:06:421,-99,-6
14:39:06:771,-100,-5
14:39:07:121,-99,-7
14:39:07:484,null
14:39:07:822,-101,-7
14:39:08:172,-100,-8
14:39:08:522,-100,-9
14:39:08:872,-100,-14
14:39:09:223,-101,-6
14:39:09:585,null
14:39:09:923,-99,-8
14:39:10:273,-101,-6
14:39:10:623,-100,-4
14:39:10:974,-99,-4
14:39:11:324,-99,-4
14:39:11:674,-99,-2
14:39:12:036,null
14:39:12:374,-99,-3
14:39:12:725,-101,-6
14:39:13:075,-99,-5
14:39:13:425,-99,-3
14:39:13:775,-100,-4
14:39:14:137,null
14:39:14:476,-100,-3
14:39:14:826,-100,-3
14:39:15:176,-99,-4
14:39:15:526,-99,-2
14:39:15:876,-99,-4
14:39:16:227,-99,-5
14:39:16:589,null
14:39:16:927,-99,-4
14:39:17:277,-100,-1
14:39:17:627,-98,-2
14:39:17:978,-98,-1
14:39:18:328,-98,0
14:39:18:678,-98,0
14:39:19:028,-99,-1
14:39:19:378,-99,-1
14:39:19:729,-99,-2
14:39:20:079,-99,-3
14:39:20:429,-99,-5
14:39:20:779,-100,-3
14:39:21:129,-99,-3
14:39:21:480,-98,-3
14:39:21:830,-100,-4
14:39:22:180,-99,-4
14:39:22:530,-101,-8
14:39:22:880,-100,-4
14:39:23:231,-99,-5
14:39:23:581,-99,-3
14:39:23:931,-99,-5
14:39:24:281,-101,-5
14:39:24:631,-101,-8
14:39:24:982,-100,-9
14:39:25:332,-101,-7
14:39:25:682,-99,-7
14:39:26:032,-100,-4
14:39:26:382,-100,-5
14:39:26:733,-99,-7
14:39:27:083,-99,-6
14:39:27:433,-100,-3
14:39:27:783,-100,-4
14:39:28:146,null
14:39:28:484,-100,-6
14:39:28:834,-99,-4
14:39:29:184,-100,-4
14:39:29:534,-99,-5
14:39:29:884,-99,-4
14:39:30:235,-99,-6
14:39:30:585,-100,-7
14:39:30:935,-100,-6
14:39:31:285,-101,-8
14:39:31:635,-101,-7
14:39:31:986,-101,-7
14:39:32:336,-101,-7
14:39:32:686,-100,-9
14:39:33:036,-100,-8
14:39:33:386,-101,-6
14:39:33:737,-99,-7
14:39:34:087,-100,-4
14:39:34:437,-99,-5
14:39:34:787,-99,-5
14:39:35:138,-100,-7
14:39:35:488,-101,-7
14:39:35:838,-100,-13
14:39:36:188,-100,-15
14:39:36:538,-99,-9
14:39:36:901,null
14:39:37:251,null
14:39:37:589,-100,-8
14:39:37:951,null
14:39:38:301,null
14:39:38:640,-100,-10
14:39:38:990,-100,-5
14:39:39:340,-101,-7
14:39:39:690,-101,-9
14:39:40:040,-101,-7
14:39:40:391,-100,-9
14:39:40:741,-100,-10
14:39:41:091,-99,-8
14:39:41:441,-101,-6
14:39:41:791,-101,-7
14:39:42:142,-101,-7
14:39:42:492,-100,-10
14:39:42:842,-101,-9
14:39:43:204,null
14:39:43:542,-100,-8
14:39:43:893,-101,-7
14:39:44:243,-100,-7
14:39:44:593,-100,-6
14:39:44:943,-99,-6
14:39:45:293,-100,-6
14:39:45:644,-100,-10
14:39:45:994,-100,-10
14:39:46:344,-101,-8
14:39:46:694,-100,-5
14:39:47:044,-99,-6
14:39:47:407,null
14:39:47:745,-100,-8
14:39:48:095,-100,-6
14:39:48:445,-99,-7
14:39:48:795,-101,-5
14:39:49:146,-101,-7
14:39:49:508,null
14:39:49:846,-100,-6
14:39:50:196,-99,-8
14:39:50:546,-99,-9
14:39:50:897,-101,-10
14:39:51:247,-100,-11
14:39:51:597,-100,-13
14:39:51:947,-100,-12
14:39:52:296,-101,-12
14:39:52:660,null
14:39:53:010,null
14:39:53:348,-100,-11
14:39:53:710,null
14:39:54:048,-101,-13
14:39:54:399,-100,-14
14:39:54:749,-101,-11
14:39:55:111,null
14:39:55:449,-101,-15
14:39:55:798,-102,-14
14:39:56:162,null
14:39:56:500,-101,-16
14:39:56:862,null
14:39:57:212,null
14:39:57:563,null
14:39:57:901,null
14:39:58:262,null
14:39:58:613,null
14:39:58:963,null
14:39:59:314,null
14:39:59:664,null
14:40:00:014,null
14:40:00:364,null
14:40:00:713,null
14:40:01:065,null
14:40:01:402,-101,-16
14:40:01:765,null
14:40:02:114,null
14:40:02:452,-100,-15
14:40:02:816,null
14:40:03:153,-101,-14
14:40:03:516,null
14:40:03:866,null
14:40:04:203,-101,-15
14:40:04:555,-101,-11
14:40:04:916,null
14:40:05:266,null
14:40:05:605,-101,-14
14:40:05:967,null
14:40:06:305,-99,-10
14:40:06:656,-100,-12
14:40:07:006,-101,-8
14:40:07:355,-100,-9
14:40:07:705,-100,-10
14:40:08:057,-100,-11
14:40:08:406,-101,-9
14:40:08:757,-101,-10
14:40:09:107,-101,-14
14:40:09:456,-101,-11
14:40:09:808,-101,-11
14:40:10:158,-101,-10
14:40:10:508,-100,-13
14:40:10:858,-100,-11
14:40:11:219,null
14:40:11:558,-101,-10
14:40:11:921,null
14:40:12:258,-101,-12
14:40:12:608,-100,-15
14:40:12:971,null
14:40:13:310,-101,-9
14:40:13:671,null
14:40:14:009,-100,-12
14:40:14:360,-101,-12
14:40:14:710,-101,-14
14:40:15:072,null
14:40:15:410,-101,-16
14:40:15:761,-101,-14
14:40:16:110,-101,-12
14:40:16:460,-100,-14
14:40:16:812,-100,-16
14:40:17:173,null
14:40:17:524,null
14:40:17:873,null
14:40:18:223,null
14:40:18:574,null
14:40:18:924,null
14:40:19:275,null
14:40:19:625,null
14:40:19:974,null
14:40:20:325,null
14:40:20:675,null
14:40:21:025,null
14:40:21:375,null
14:40:21:725,null
14:40:22:076,null
14:40:22:426,null
14:40:22:776,null
14:40:23:126,null
14:40:23:476,null
14:40:23:827,null
14:40:24:178,null
14:40:24:527,null
14:40:24:878,null
14:40:25:228,null
14:40:25:578,null
14:40:25:916,-100,-15
14:40:26:266,-100,-16
14:40:26:616,-100,-15
14:40:26:966,-101,-14
14:40:27:318,-100,-13
14:40:27:667,-100,-15
14:40:28:017,-101,-13
14:40:28:367,-101,-13
14:40:28:717,-100,-13
14:40:29:068,-100,-13
14:40:29:418,-100,-11
14:40:29:768,-100,-15
14:40:30:118,-101,-12
14:40:30:468,-100,-10
14:40:30:819,-100,-8
14:40:31:181,null
14:40:31:531,null
14:40:31:869,-100,-10
14:40:32:232,null
14:40:32:570,-100,-8
14:40:32:920,-100,-9
14:40:33:270,-101,-7
14:40:33:620,-101,-9
14:40:33:970,-100,-10
14:40:34:321,-101,-6
14:40:34:671,-101,-6
14:40:35:021,-101,-6
14:40:35:371,-99,-7
14:40:35:734,null
14:40:36:072,-100,-5
14:40:36:422,-101,-5
14:40:36:772,-101,-7
14:40:37:122,-100,-10
14:40:37:473,-101,-7
14:40:37:823,-101,-6
14:40:38:173,-99,-8
14:40:38:523,-101,-6
14:40:38:873,-99,-8
14:40:39:224,-99,-6
14:40:39:574,-99,-7
14:40:39:924,-100,-4
14:40:40:274,-99,-5
14:40:40:624,-100,-5
14:40:40:975,-99,-5
14:40:41:325,-100,-4
14:40:41:675,-100,-4
14:40:42:025,-100,-6
14:40:42:375,-99,-7
14:40:42:726,-99,-6
14:40:43:076,-99,-6
14:40:43:426,-99,-5
14:40:43:776,-100,-4
14:40:44:126,-99,-5
14:40:44:477,-100,-4
14:40:44:827,-100,-4
14:40:45:177,-100,-5
14:40:45:527,-100,-4
14:40:45:877,-100,-2
14:40:46:228,-99,-2
14:40:46:578,-99,-1
14:40:46:928,-98,0
14:40:47:278,-98,-1
14:40:47:628,-98,0
14:40:47:979,-98,0
14:40:48:329,-99,0
14:40:48:679,-98,-2
14:40:49:029,-99,-2
14:40:49:379,-100,-3
14:40:49:730,-98,-2
14:40:50:080,-100,-3
14:40:50:430,-99,-4
14:40:50:780,-100,-4
14:40:51:130,-99,-6
14:40:51:481,-99,-6
14:40:51:831,-100,-6
14:40:52:181,-100,-4
14:40:52:531,-99,-3
14:40:52:881,-99,-4
14:40:53:232,-101,-5
14:40:53:582,-99,-9
14:40:53:932,-100,-11
14:40:54:282,-101,-6
14:40:54:632,-101,-9
14:40:54:983,-101,-9
14:40:55:333,-101,-12
14:40:55:683,-100,-13
14:40:56:033,-100,-13
14:40:56:383,-100,-15
14:40:56:734,-100,-13
14:40:57:084,-101,-10
14:40:57:434,-100,-13
14:40:57:784,-101,-8
14:40:58:134,-101,-10
14:40:58:485,-100,-11
14:40:58:835,-101,-8
14:40:59:185,-101,-8
14:40:59:535,-100,-7
14:40:59:898,null
14:41:00:236,-99,-8
14:41:00:586,-99,-9
14:41:00:936,-101,-9
14:41:01:298,null
14:41:01:636,-101,-6
14:41:01:987,-100,-3
14:41:02:337,-100,-4
14:41:02:687,-100,-3
14:41:03:037,-100,-3
14:41:03:387,-99,-5
14:41:03:738,-98,-3
14:41:04:088,-100,-3
14:41:04:450,null
14:41:04:788,-100,-3
14:41:05:138,-99,-8
14:41:05:489,-101,-6
14:41:05:839,-99,-8
14:41:06:189,-100,-5
14:41:06:539,-100,-6
14:41:06:902,null
14:41:07:240,-101,-7
14:41:07:590,-101,-7
14:41:07:940,-100,-7
14:41:08:290,-99,-5
14:41:08:641,-99,-8
14:41:08:991,-101,-7
14:41:09:341,-100,-5
14:41:09:691,-100,-5
14:41:10:041,-99,-6
14:41:10:392,-99,-6
14:41:10:742,-100,-6
14:41:11:092,-100,-6
14:41:11:442,-100,-8
14:41:11:792,-101,-7
14:41:12:155,null
14:41:12:493,-99,-9
14:41:12:843,-100,-6
14:41:13:193,-100,-4
14:41:13:543,-100,-5
14:41:13:894,-101,-6
14:41:14:244,-99,-7
14:41:14:594,-99,-5
14:41:14:944,-99,-5
14:41:15:294,-99,-5
14:41:15:645,-100,-5
14:41:15:995,-100,-6
14:41:16:357,null
14:41:16:695,-101,-7
14:41:17:045,-100,-6
14:41:17:396,-101,-7
14:41:17:746,-100,-9
14:41:18:096,-99,-9
14:41:18:446,-100,-8
14:41:18:796,-101,-7
14:41:19:147,-100,-8
14:41:19:497,-101,-6
14:41:19:847,-101,-5
14:41:20:197,-100,-5
14:41:20:547,-100,-3
14:41:20:898,-99,-3
14:41:21:248,-101,-10
14:41:21:598,-100,-8
14:41:21:959,null
14:41:22:298,-100,-7
14:41:22:649,-99,-7
14:41:22:998,-99,-6
14:41:23:349,-99,-6
14:41:23:699,-100,-4
14:41:24:049,-99,-6
14:41:24:412,null
14:41:24:750,-100,-6
14:41:25:100,-99,-8
14:41:25:450,-99,-7
14:41:25:800,-99,-7
14:41:26:151,-100,-7
14:41:26:501,-100,-8
14:41:26:862,null
14:41:27:213,null
14:41:27:564,null
14:41:27:913,null
14:41:28:264,null
14:41:28:614,null
14:41:28:963,null
14:41:29:314,null
14:41:29:653,-100,-15
14:41:30:003,-101,-13
14:41:30:352,-101,-16
14:41:30:703,-101,-12
14:41:31:053,-101,-11
14:41:31:404,-100,-13
14:41:31:754,-101,-11
14:41:32:115,null
14:41:32:454,-101,-12
14:41:32:817,null
14:41:33:155,-100,-14
14:41:33:516,null
14:41:33:867,null
14:41:34:216,null
14:41:34:568,null
14:41:34:906,-101,-13
14:41:35:267,null
14:41:35:606,-101,-12
14:41:35:956,-100,-13
14:41:36:306,-101,-12
14:41:36:657,-101,-9
14:41:37:019,null
14:41:37:356,-100,-9
14:41:37:719,null
14:41:38:056,-101,-6
14:41:38:408,-100,-7
14:41:38:757,-101,-6
14:41:39:107,-101,-6
14:41:39:458,-99,-7
14:41:39:808,-99,-8
14:41:40:170,null
14:41:40:508,-99,-7
14:41:40:859,-100,-4
14:41:41:209,-99,-4
14:41:41:559,-99,-3
14:41:41:910,-98,-2
14:41:42:260,-99,-2
14:41:42:609,-98,-3
14:41:42:959,-99,-3
14:41:43:311,-99,-4
14:41:43:661,-98,-3
14:41:44:010,-99,-1
14:41:44:360,-99,-3
14:41:44:710,-99,-3
14:41:45:062,-99,-4
14:41:45:411,-99,-4
14:41:45:761,-100,-3
14:41:46:111,-100,-3
14:41:46:461,-100,-2
14:41:46:812,-99,-4
14:41:47:163,-99,-5
14:41:47:513,-99,-4
14:41:47:862,-98,-2
14:41:48:213,-99,0
14:41:48:563,-98,-1
14:41:48:914,-98,0
14:41:49:263,-99,0
14:41:49:613,-98,0
14:41:49:964,-99,0
14:41:50:315,-98,-2
14:41:50:664,-98,0
14:41:51:014,-98,0
14:41:51:364,-99,-3
14:41:51:715,-101,-9
14:41:52:065,-100,-12
14:41:52:415,-100,-9
14:41:52:765,-99,-7
14:41:53:115,-100,-5
14:41:53:465,-100,-5
14:41:53:816,-99,-4
14:41:54:166,-100,-4
14:41:54:517,-100,-4
14:41:54:866,-99,-3
14:41:55:216,-99,-2
14:41:55:567,-100,-2
14:41:55:917,-99,-2
14:41:56:267,-98,-2
14:41:56:617,-99,-1
14:41:56:967,-98,-3
14:41:57:318,-99,-1
14:41:57:680,null
14:41:58:018,-99,-1
14:41:58:368,-98,-3
14:41:58:718,-101,-6
14:41:59:070,-98,-3
14:41:59:419,-99,-4
14:41:59:769,-100,-4
14:42:00:131,null
14:42:00:469,-100,-4
14:42:00:820,-100,-3
14:42:01:170,-100,-2
14:42:01:520,-99,-3
14:42:01:870,-99,-2
14:42:02:220,-98,-3
14:42:02:571,-99,-6
14:42:02:921,-99,-8
14:42:03:271,-101,-7
14:42:03:621,-100,-13
14:42:03:971,-100,-15
14:42:04:334,null
14:42:04:672,-101,-9
14:42:05:022,-100,-10
14:42:05:372,-100,-8
14:42:05:722,-101,-10
14:42:06:073,-101,-10
14:42:06:435,null
14:42:06:785,null
14:42:07:123,-101,-9
14:42:07:473,-99,-9
14:42:07:824,-99,-7
14:42:08:174,-101,-6
14:42:08:536,null
14:42:08:874,-101,-5
14:42:09:224,-101,-6
14:42:09:575,-101,-7
14:42:09:925,-100,-10
14:42:10:275,-100,-5
14:42:10:625,-100,-2
14:42:10:988,null
14:42:11:326,-100,-5
14:42:11:676,-101,-6
14:42:12:026,-100,-10
14:42:12:376,-98,-3
14:42:12:727,-99,-2
14:42:13:077,-100,-5
14:42:13:427,-99,-6
14:42:13:777,-99,-4
14:42:14:127,-99,-4
14:42:14:478,-98,-4
14:42:14:828,-99,-5
14:42:15:190,null
14:42:15:528,-97,0
14:42:15:878,-98,-2
14:42:16:229,-99,-1
14:42:16:579,-98,-1
14:42:16:929,-98,-2
14:42:17:279,-98,-2
14:42:17:629,-100,-8
14:42:17:980,-99,-6
14:42:18:330,-100,-3
14:42:18:680,-99,-2
14:42:19:030,-98,-1
14:42:19:380,-97,0
14:42:19:731,-97,0
14:42:20:081,-97,0
14:42:20:431,-97,0
14:42:20:781,-97,0
14:42:21:131,-99,-3
14:42:21:482,-99,-2
14:42:21:832,-99,-2
14:42:22:182,-99,-3
14:42:22:532,-99,-4
14:42:22:882,-100,-3
14:42:23:233,-98,0
14:42:23:583,-98,0
14:42:23:933,-96,2
14:42:24:283,-96,2
14:42:24:633,-96,2
14:42:24:984,-97,0
14:42:25:334,-96,0
14:42:25:684,-96,1
14:42:26:034,-95,2
14:42:26:384,-96,1
14:42:26:735,-98,0
14:42:27:085,-99,-1
14:42:27:435,-100,-5
14:42:27:785,-100,-13
14:42:28:135,-100,-10
14:42:28:486,-99,-4
14:42:28:836,-98,0
14:42:29:186,-98,-1
14:42:29:536,-98,-1
14:42:29:886,-99,-1
14:42:30:237,-99,-1
14:42:30:587,-98,-1
14:42:30:937,-97,0
14:42:31:287,-96,0
14:42:31:637,-96,1
14:42:31:988,-100,-2
14:42:32:338,-99,-6
14:42:32:688,-100,-11
14:42:33:038,-100,-15
14:42:33:388,-100,-8
14:42:33:739,-97,0
14:42:34:089,-101,-7
14:42:34:451,null
14:42:34:801,null
14:42:35:139,-100,-10
14:42:35:490,-100,-4
14:42:35:852,null
14:42:36:190,-98,-3
14:42:36:540,-100,-9
14:42:36:890,-100,-6
14:42:37:241,-99,-8
14:42:37:591,-99,-7
14:42:37:941,-100,-9
14:42:38:291,-99,-5
14:42:38:641,-101,-8
14:42:38:992,-100,-9
14:42:39:342,-100,-6
14:42:39:692,-99,-8
14:42:40:054,null
14:42:40:392,-99,-8
14:42:40:755,null
14:42:41:093,-101,-5
14:42:41:455,null
14:42:41:805,null
14:42:42:143,-101,-15
14:42:42:494,-101,-15
14:42:42:844,-101,-14
14:42:43:206,null
14:42:43:556,null
14:42:43:895,-102,-12
14:42:44:245,-100,-12
14:42:44:595,-101,-9
14:42:44:945,-100,-12
14:42:45:295,-99,-6
14:42:45:646,-101,-5
14:42:45:996,-99,-7
14:42:46:346,-100,-9
14:42:46:696,-100,-13
14:42:47:046,-102,-15
14:42:47:409,null
14:42:47:759,null
14:42:48:109,null
14:42:48:459,null
14:42:48:809,null
14:42:49:148,-101,-13
14:42:49:498,-100,-11
14:42:49:848,-100,-12
14:42:50:210,null
14:42:50:560,null
14:42:50:911,null
14:42:51:249,-102,-13
14:42:51:599,-101,-14
14:42:51:949,-101,-11
14:42:52:299,-101,-13
14:42:52:650,-101,-13
14:42:53:000,-101,-9
14:42:53:350,-101,-8
14:42:53:700,-101,-10
14:42:54:061,null
14:42:54:401,-100,-16
14:42:54:763,null
14:42:55:113,null
14:42:55:451,-99,-4
14:42:55:801,-99,-4
14:42:56:164,null
14:42:56:514,null
14:42:56:852,-99,-3
14:42:57:202,-99,-4
14:42:57:552,-99,-4
14:42:57:903,-99,-2
14:42:58:253,-98,-2
14:42:58:603,-98,-2
14:42:58:964,null
14:42:59:303,-100,-5
14:42:59:654,-101,-7
14:43:00:004,-101,-6
14:43:00:354,-100,-6
14:43:00:704,-100,-1
14:43:01:054,-99,-5
14:43:01:404,-100,-2
14:43:01:755,-98,-1
14:43:02:105,-99,-3
14:43:02:454,-99,-2
14:43:02:805,-99,-1
14:43:03:168,null
14:43:03:506,-99,-2
14:43:03:856,-99,-5
14:43:04:205,-98,-3
14:43:04:556,-99,0
14:43:04:907,-99,-1
14:43:05:256,-98,-3
14:43:05:607,-99,-6
14:43:05:957,-99,-6
14:43:06:306,-99,-4
14:43:06:658,-98,-3
14:43:07:008,-99,-2
14:43:07:357,-99,-2
14:43:07:708,-99,-2
14:43:08:057,-99,-4
14:43:08:408,-100,-2
14:43:08:759,-98,-1
14:43:09:108,-98,-2
14:43:09:459,-98,-2
14:43:09:808,-99,0
14:43:10:160,-98,-3
14:43:10:510,-99,-1
14:43:10:860,-100,-2
14:43:11:210,-98,-2
14:43:11:560,-98,-2
14:43:11:911,-99,-1
14:43:12:260,-98,-2
14:43:12:611,-99,-1
14:43:12:961,-100,-4
14:43:13:311,-98,-1
14:43:13:662,-98,0
14:43:14:012,-98,1
14:43:14:361,-98,-1
14:43:14:711,-99,-4
14:43:15:062,-98,-1
14:43:15:412,-100,-2
14:43:15:763,-99,-4
14:43:16:112,-99,-5
14:43:16:462,-99,-5
14:43:16:814,-99,-2
14:43:17:163,-99,-6
14:43:17:514,-101,-8
14:43:17:863,-101,-10
14:43:18:213,-101,-10
14:43:18:564,-101,-6
14:43:18:915,-99,-7
14:43:19:264,-100,-7
14:43:19:614,-99,-8
14:43:19:965,-100,-6
14:43:20:316,-100,-5
14:43:20:665,-100,-2
14:43:21:015,-99,-4
14:43:21:366,-99,-4
14:43:21:715,-99,-4
14:43:22:066,-99,-6
14:43:22:416,-100,-5
14:43:22:766,-99,-5
14:43:23:116,-100,-4
14:43:23:466,-100,-4
14:43:23:818,-100,-4
14:43:24:167,-100,-4
14:43:24:530,null
14:43:24:868,-99,-4
14:43:25:217,-99,-6
14:43:25:568,-99,-4
14:43:25:919,-99,-4
14:43:26:268,-99,-5
14:43:26:618,-99,-5
14:43:26:969,-99,-4
14:43:27:319,-100,-4
14:43:27:669,-100,-4
14:43:28:020,-99,-5
14:43:28:369,-101,-5
14:43:28:720,-100,-5
14:43:29:082,null
14:43:29:420,-101,-5
14:43:29:782,null
14:43:30:120,-100,-3
14:43:30:482,null
14:43:30:821,-100,-4
14:43:31:171,-100,-4
14:43:31:521,-99,-6
14:43:31:871,-99,-6
14:43:32:221,-100,-4
14:43:32:573,-99,-1
14:43:32:922,-99,-4
14:43:33:272,-100,-2
14:43:33:622,-99,-3
14:43:33:984,null
14:43:34:323,-98,-2
14:43:34:673,-98,-3
14:43:35:023,-99,-2
14:43:35:373,-99,-2
14:43:35:723,-98,-3
14:43:36:074,-99,-2
14:43:36:424,-99,-2
14:43:36:774,-97,1
14:43:37:124,-98,0
14:43:37:474,-97,-1
14:43:37:825,-98,0
14:43:38:175,-98,0
14:43:38:525,-97,0
14:43:38:875,-98,0
14:43:39:225,-98,0
14:43:39:576,-98,0
14:43:39:926,-98,-1
14:43:40:276,-98,0
14:43:40:626,-98,-1
14:43:40:976,-98,1
14:43:41:327,-98,0
14:43:41:677,-98,0
14:43:42:027,-98,0
14:43:42:377,-98,0
14:43:42:727,-98,0
14:43:43:078,-98,0
14:43:43:428,-98,0
14:43:43:778,-98,0
14:43:44:128,-98,0
14:43:44:478,-98,-1
14:43:44:829,-98,-1
14:43:45:179,-99,0
14:43:45:529,-99,-1
14:43:45:879,-98,-2
14:43:46:229,-97,-2
14:43:46:580,-98,-2
14:43:46:930,-99,-3
14:43:47:280,-98,-3
14:43:47:630,-97,-1
14:43:47:980,-98,1
14:43:48:331,-97,0
14:43:48:681,-97,0
14:43:49:031,-97,0
14:43:49:381,-99,0
14:43:49:732,-98,-2
14:43:50:082,-99,-2
14:43:50:444,null
14:43:50:782,-97,0
14:43:51:132,-96,0
14:43:51:483,-97,0
14:43:51:833,-97,1
14:43:52:183,-96,0
14:43:52:533,-96,3
14:43:52:883,-95,3
14:43:53:234,-95,2
14:43:53:584,-94,3
14:43:53:934,-95,3
14:43:54:284,-95,2
14:43:54:634,-94,4
14:43:54:985,-99,-2
14:43:55:335,-97,0
14:43:55:685,-98,0
14:43:56:035,-98,0
14:43:56:385,-100,-3
14:43:56:736,-99,-6
14:43:57:086,-99,-6
14:43:57:436,-99,-6
14:43:57:786,-99,-5
14:43:58:136,-100,-7
14:43:58:487,-100,-6
14:43:58:837,-100,-6
14:43:59:187,-101,-8
14:43:59:537,-100,-8
14:43:59:887,-100,-14
14:44:00:250,null
14:44:00:588,-102,-15
14:44:00:938,-99,-13
14:44:01:288,-101,-13
14:44:01:650,null
14:44:02:001,null
14:44:02:351,null
14:44:02:701,null
14:44:03:039,-100,-17
14:44:03:401,null
14:44:03:740,-100,-15
14:44:04:090,-101,-15
14:44:04:452,null
14:44:04:802,null
14:44:05:140,-100,-17
14:44:05:491,-100,-16
14:44:05:841,-100,-16
14:44:06:203,null
14:44:06:553,null
14:44:06:904,null
14:44:07:254,null
14:44:07:604,null
14:44:07:954,null
14:44:08:304,null
14:44:08:655,null
14:44:09:005,null
14:44:09:355,null
14:44:09:705,null
14:44:10:043,-101,-17
14:44:10:406,null
14:44:10:744,-101,-14
14:44:11:106,null
14:44:11:444,-100,-15
14:44:11:794,-101,-15
14:44:12:144,-100,-15
14:44:13:285,-100,-13
14:44:13:287,null
14:44:13:290,-100,-12
14:44:13:545,-101,-11
14:44:13:895,-100,-14
14:44:14:246,-101,-10
14:44:14:596,-101,-12
14:44:14:946,-102,-13
14:44:15:308,null
14:44:15:646,-101,-11
14:44:15:997,-100,-11
14:44:16:347,-101,-10
14:44:16:697,-100,-12
14:44:17:047,-101,-12
14:44:17:397,-100,-13
14:44:17:760,null
14:44:18:098,-101,-12
14:44:18:460,null
14:44:18:810,null
14:44:19:161,null
14:44:19:499,-101,-14
14:44:19:861,null
14:44:20:199,-100,-16
14:44:20:549,-100,-14
14:44:20:900,-101,-10
14:44:21:250,-101,-10
14:44:21:600,-100,-14
14:44:21:950,-101,-14
14:44:22:299,-100,-14
14:44:22:651,-100,-11
14:44:23:001,-101,-6
14:44:23:351,-101,-7
14:44:23:701,-101,-6
14:44:24:051,-101,-11
14:44:24:402,-101,-12
14:44:24:752,-101,-12
14:44:25:102,-100,-12
14:44:25:452,-101,-10
14:44:25:813,null
14:44:26:153,-101,-12
14:44:26:503,-100,-12
14:44:26:865,null
14:44:27:203,-100,-10
14:44:27:553,-101,-10
14:44:27:903,-101,-9
14:44:28:253,-101,-8
14:44:28:616,null
14:44:28:954,-100,-9
14:44:29:303,-101,-8
14:44:29:655,-101,-11
14:44:30:004,-100,-12
14:44:30:355,-101,-12
14:44:30:705,-100,-11
14:44:31:066,null
14:44:31:406,-100,-13
14:44:31:756,-100,-12
14:44:32:106,-101,-10
14:44:32:456,-100,-13
14:44:32:805,-100,-15
14:44:33:169,null
14:44:33:519,null
14:44:33:869,null
14:44:34:207,null
14:44:34:557,-100,-17
14:44:34:908,-102,-14
14:44:35:270,null
14:44:35:608,-101,-11
14:44:35:958,-100,-14
14:44:36:307,-101,-12
14:44:36:659,-101,-10
14:44:37:008,-100,-11
14:44:37:359,-100,-11
14:44:37:709,-101,-10
14:44:38:072,null
14:44:38:409,-100,-11
14:44:38:760,-101,-9
14:44:39:122,null
14:44:39:460,-100,-8
14:44:39:810,-101,-7
14:44:40:160,-100,-9
14:44:40:511,-101,-9
14:44:40:861,-100,-10
14:44:41:210,-100,-9
14:44:41:561,-100,-11
14:44:41:912,-100,-12
14:44:42:262,-100,-12
14:44:42:612,-100,-10
14:44:42:961,-100,-10
14:44:43:312,-101,-10
14:44:43:662,-101,-13
14:44:44:025,null
14:44:44:363,-100,-12
14:44:44:713,-101,-14
14:44:45:062,-100,-17
14:44:45:414,-101,-15
14:44:45:775,null
14:44:46:126,null
14:44:46:463,-101,-17
14:44:46:827,null
14:44:47:164,-100,-16
14:44:47:514,-101,-10
14:44:47:877,null
14:44:48:214,-100,-14
14:44:48:565,-100,-12
14:44:48:915,-100,-10
14:44:49:266,-99,-10
14:44:49:615,-101,-9
14:44:49:966,-101,-12
14:44:50:317,-100,-13
14:44:50:666,-100,-12
14:44:51:016,-100,-12
14:44:51:378,null
14:44:51:716,-100,-11
14:44:52:068,-101,-10
14:44:52:417,-101,-9
14:44:52:767,-101,-9
14:44:53:118,-100,-9
14:44:53:468,-100,-8
14:44:53:818,-100,-9
14:44:54:180,null
14:44:54:518,-100,-11
14:44:54:869,-101,-8
14:44:55:218,-101,-6
14:44:55:570,-99,-9
14:44:55:919,-100,-10
14:44:56:269,-101,-7
14:44:56:631,null
14:44:56:969,-100,-10
14:44:57:332,null
14:44:57:670,-100,-10
14:44:58:020,-100,-9
14:44:58:370,-100,-10
14:44:58:720,-101,-10
14:44:59:072,-100,-12
14:44:59:421,-100,-13
14:44:59:771,-101,-11
14:45:00:121,-101,-10
14:45:00:471,-101,-10
14:45:00:822,-101,-9
14:45:01:172,-100,-10
14:45:01:522,-100,-14
14:45:01:873,-100,-13
14:45:02:234,null
14:45:02:574,-101,-10
14:45:02:923,-101,-11
14:45:03:273,-100,-13
14:45:03:624,-101,-10
14:45:03:985,null
14:45:04:336,null
14:45:04:686,null
14:45:05:036,null
14:45:05:374,-100,-14
14:45:05:724,-101,-11
14:45:06:075,-101,-13
14:45:06:425,-100,-14
14:45:06:775,-101,-11
14:45:07:125,-100,-14
14:45:07:487,null
14:45:07:826,-101,-12
14:45:08:176,-100,-12
14:45:08:526,-100,-13
14:45:08:888,null
14:45:09:226,-101,-9
14:45:09:577,-101,-9
14:45:09:939,null
14:45:10:277,-100,-10
14:45:10:627,-100,-13
14:45:10:977,-101,-10
14:45:11:340,null
14:45:11:678,-100,-9
14:45:12:040,null
14:45:12:390,null
14:45:12:728,-101,-11
14:45:13:079,-101,-10
14:45:13:429,-101,-10
14:45:13:779,-101,-10
14:45:14:129,-100,-11
14:45:14:479,-100,-12
14:45:14:842,null
14:45:15:180,-100,-11
14:45:15:530,-101,-11
14:45:15:880,-101,-11
14:45:16:230,-100,-12
14:45:16:581,-100,-14
14:45:16:931,-100,-13
14:45:17:293,null
14:45:17:631,-101,-15
14:45:17:994,null
14:45:18:332,-100,-12
14:45:18:682,-101,-9
14:45:19:032,-99,-9
14:45:19:382,-100,-8
14:45:19:732,-99,-7
14:45:20:083,-99,-5
14:45:20:433,-100,-3
14:45:20:783,-98,-2
14:45:21:133,-98,-1
14:45:21:484,-97,-1
14:45:21:834,-98,0
14:45:22:184,-99,-3
14:45:22:534,-98,-3
14:45:22:884,-98,-1
14:45:23:235,-99,0
14:45:23:585,-98,-1
14:45:23:935,-97,0
14:45:24:285,-97,1
14:45:24:635,-97,1
14:45:24:986,-97,0
14:45:25:336,-96,1
14:45:25:686,-95,2
14:45:26:036,-94,3
14:45:26:386,-95,3
14:45:26:737,-94,3
14:45:27:087,-94,4
14:45:27:437,-94,4
14:45:27:787,-95,4
14:45:28:137,-94,4
14:45:28:488,-94,4
14:45:28:838,-94,3
14:45:29:188,-94,4
14:45:29:538,-95,4
14:45:29:888,-95,1
14:45:30:239,-95,2
14:45:30:589,-96,2
14:45:30:939,-98,1
14:45:31:289,-96,1
14:45:31:639,-97,1
14:45:31:990,-96,2
14:45:32:340,-96,1
14:45:32:690,-96,1
14:45:33:040,-96,2
14:45:33:390,-95,2
14:45:33:741,-95,2
14:45:34:091,-96,0
14:45:34:441,-100,-9
14:45:34:791,-95,1
14:45:35:141,-101,-6
14:45:35:492,-99,-5
14:45:35:842,-98,-2
14:45:36:192,-101,-9
14:45:36:542,-99,-1
14:45:36:892,-98,-1
14:45:37:243,-100,-3
14:45:37:593,-100,-2
14:45:37:943,-99,-6
14:45:38:293,-100,-5
14:45:38:655,null
14:45:39:006,null
14:45:39:344,-98,-4
14:45:39:694,-99,-6
14:45:40:044,-98,-3
14:45:40:406,null
14:45:40:745,-98,0
14:45:41:095,-96,0
14:45:41:445,-98,-1
14:45:41:795,-99,-3
14:45:42:145,-99,-6
14:45:42:496,-100,-13
14:45:42:846,-100,-8
14:45:43:196,-99,-8
14:45:43:546,-101,-5
14:45:43:896,-99,-10
14:45:44:247,-101,-14
14:45:44:597,-100,-11
14:45:44:947,-99,-6
14:45:45:297,-101,-8
14:45:45:647,-100,-4
14:45:45:998,-101,-6
14:45:46:348,-100,-5
14:45:46:698,-100,-12
14:45:47:048,-101,-9
14:45:47:398,-102,-12
14:45:47:761,null
14:45:48:099,-101,-11
14:45:48:449,-102,-13
14:45:48:811,null
14:45:49:162,null
14:45:49:500,-102,-16
14:45:49:862,null
14:45:50:200,-100,-16
14:45:50:550,-102,-11
14:45:50:900,-101,-13
14:45:51:251,-100,-16
14:45:51:601,-101,-11
14:45:51:963,null
14:45:52:301,-101,-13
14:45:52:652,-100,-13
14:45:53:002,-100,-15
14:45:53:364,null
14:45:53:714,null
14:45:54:064,null
14:45:54:415,null
14:45:54:765,null
14:45:55:115,null
14:45:55:464,null
14:45:55:815,null
14:45:56:166,null
14:45:56:516,null
14:45:56:866,null
14:45:57:216,null
14:45:57:566,null
14:45:57:916,null
14:45:58:267,null
14:45:58:617,null
14:45:58:967,null
14:45:59:317,null
14:45:59:668,null
14:46:00:018,null
14:46:00:368,null
14:46:00:718,null
14:46:01:068,null
14:46:01:419,null
14:46:01:769,null
14:46:02:119,null
14:46:02:469,null
14:46:02:818,null
14:46:03:170,null
14:46:03:519,null
14:46:03:870,null
14:46:04:220,null
14:46:04:570,null
14:46:04:921,null
14:46:05:270,null
14:46:05:621,null
14:46:05:971,null
14:46:06:321,null
14:46:06:671,null
14:46:07:022,null
14:46:07:372,null
14:46:07:722,null
14:46:08:071,null
14:46:08:422,null
14:46:08:773,null
14:46:09:122,null
14:46:09:472,null
14:46:09:823,null
14:46:10:174,null
14:46:10:525,null
14:46:10:873,null
14:46:11:224,null
14:46:11:574,null
14:46:11:912,-100,-16
14:46:12:275,null
14:46:12:624,null
14:46:12:975,null
14:46:13:326,null
14:46:13:675,null
14:46:14:013,-101,-16
14:46:14:375,null
14:46:14:726,null
14:46:15:064,-100,-16
14:46:15:414,-100,-16
14:46:15:777,null
14:46:16:127,null
14:46:16:477,null
14:46:16:827,null
14:46:17:177,null
14:46:17:527,null
14:46:17:877,null
14:46:18:227,null
14:46:18:579,null
14:46:18:916,-100,-15
14:46:19:278,null
14:46:19:629,null
14:46:19:979,null
14:46:20:329,null
14:46:20:680,null
14:46:21:029,null
14:46:21:380,null
14:46:21:729,null
14:46:22:080,null
14:46:22:418,-100,-16
14:46:22:781,null
14:46:23:118,-100,-14
14:46:23:469,-100,-12
14:46:23:819,-100,-11
14:46:24:181,null
14:46:24:520,-100,-9
14:46:24:869,-100,-11
14:46:25:219,-100,-10
14:46:25:583,null
14:46:25:920,-100,-11
14:46:26:283,null
14:46:26:632,null
14:46:26:970,-101,-13
14:46:27:334,null
14:46:27:684,null
14:46:28:033,null
14:46:28:383,null
14:46:28:733,null
14:46:29:072,-100,-17
14:46:29:434,null
14:46:29:784,null
14:46:30:134,null
14:46:30:484,null
14:46:30:823,-101,-11
14:46:31:173,-101,-8
14:46:31:535,null
14:46:31:873,-101,-8
14:46:32:223,-100,-10
14:46:32:574,-100,-11
14:46:32:924,-100,-9
14:46:33:274,-101,-8
14:46:33:624,-100,-12
14:46:33:974,-101,-9
14:46:34:325,-100,-10
14:46:34:675,-101,-11
14:46:35:025,-101,-13
14:46:35:375,-100,-13
14:46:35:737,null
14:46:36:088,null
14:46:36:438,null
14:46:36:776,null
14:46:37:138,null
14:46:37:488,null
14:46:37:827,-100,-11
14:46:38:177,-101,-12
14:46:38:539,null
14:46:38:889,null
14:46:39:239,null
14:46:39:590,null
14:46:39:940,null
14:46:40:290,null
14:46:40:640,null
14:46:40:978,-100,-14
14:46:41:341,null
14:46:41:691,null
14:46:42:029,-101,-12
14:46:42:379,null
14:46:42:729,-101,-10
14:46:43:080,-101,-8
14:46:43:430,-99,-8
14:46:43:780,-100,-3
14:46:44:130,-98,-4
14:46:44:480,-99,-5
14:46:44:843,null
14:46:45:181,-100,-3
14:46:45:531,-99,-5
14:46:45:881,-100,-3
14:46:46:231,-99,-6
14:46:46:582,-100,-4
14:46:46:932,-99,-5
14:46:47:282,-100,-3
14:46:47:632,-100,-6
14:46:47:982,-101,-7
14:46:48:333,-101,-6
14:46:48:683,-100,-11
14:46:49:045,null
14:46:49:383,null
14:46:49:746,null
14:46:50:084,-101,-14
14:46:50:446,null
14:46:50:784,-100,-12
14:46:51:134,-101,-9
14:46:51:484,-101,-6
14:46:51:835,-100,-9
14:46:52:185,-100,-8
14:46:52:535,-101,-8
14:46:52:885,-99,-9
14:46:53:235,-101,-7
14:46:53:586,null
14:46:53:936,-100,-11
14:46:54:286,-101,-8
14:46:54:636,-99,-7
14:46:54:987,-99,-8
14:46:55:337,-99,-7
14:46:55:699,null
14:46:56:037,-100,-8
14:46:56:399,null
14:46:56:738,-99,-12
14:46:57:100,null
14:46:57:438,-100,-12
14:46:57:788,-100,-9
14:46:58:138,-100,-14
14:46:58:489,-100,-10
14:46:58:851,null
14:46:59:201,null
14:46:59:551,null
14:46:59:901,null
14:47:00:240,-101,-14
14:47:00:602,null
14:47:00:952,null
14:47:01:302,null
14:47:01:640,-101,-14
14:47:02:003,null
14:47:02:341,-100,-10
14:47:02:691,-101,-9
14:47:03:053,null
14:47:03:391,-101,-8
14:47:03:742,-100,-10
14:47:04:092,-100,-15
14:47:04:454,null
14:47:04:792,-101,-14
14:47:05:142,-101,-13
14:47:05:505,null
14:47:05:843,-101,-12
14:47:06:193,-101,-10
14:47:06:543,-100,-12
14:47:06:893,-101,-12
14:47:07:244,-100,-14
14:47:07:594,-100,-12
14:47:07:944,-101,-10
14:47:08:294,-100,-11
14:47:08:644,-101,-14
14:47:08:995,null
14:47:09:357,null
14:47:09:707,null
14:47:10:057,null
14:47:10:408,null
14:47:10:758,null
14:47:11:108,null
14:47:11:458,null
14:47:11:808,null
14:47:12:159,null
14:47:12:497,-101,-14
14:47:12:859,null
14:47:13:209,null
14:47:13:559,null
14:47:13:910,null
14:47:14:260,null
14:47:14:610,null
14:47:14:948,-101,-15
14:47:15:310,null
14:47:15:661,null
14:47:16:011,null
14:47:16:361,null
14:47:16:711,null
14:47:17:061,null
14:47:17:412,null
14:47:17:750,-101,-13
14:47:18:100,-101,-12
14:47:18:450,-100,-15
14:47:18:812,null
14:47:19:150,-100,-13
14:47:19:501,-101,-12
14:47:19:851,-101,-14
14:47:20:201,-101,-12
14:47:20:551,-101,-10
14:47:20:901,-101,-9
14:47:21:264,null
14:47:21:602,-101,-9
14:47:21:952,-101,-8
14:47:22:302,-101,-8
14:47:22:653,-100,-10
14:47:23:003,-100,-7
14:47:23:353,-100,-6
14:47:23:703,-99,-9
14:47:24:053,-99,-8
14:47:24:404,-101,-7
14:47:24:754,-101,-11
14:47:25:104,-101,-14
14:47:25:466,null
14:47:25:816,null
14:47:26:167,null
14:47:26:516,null
14:47:26:866,null
14:47:27:217,null
14:47:27:567,null
14:47:27:917,null
14:47:28:256,-101,-14
14:47:28:606,-100,-13
14:47:28:956,-102,-13
14:47:29:306,-100,-13
14:47:29:657,-101,-13
14:47:30:007,-100,-13
14:47:30:357,-100,-13
14:47:30:707,-100,-14
14:47:31:057,-100,-11
14:47:31:408,-101,-11
14:47:31:758,-101,-11
14:47:32:108,-100,-11
14:47:32:458,-100,-15
14:47:32:807,-100,-14
14:47:33:159,-101,-10
14:47:33:509,-100,-12
14:47:33:859,-101,-9
14:47:34:209,-101,-9
14:47:34:571,null
14:47:34:910,-101,-12
14:47:35:271,null
14:47:35:610,-100,-15
14:47:35:960,-101,-11
14:47:36:310,-101,-13
14:47:36:660,-101,-11
14:47:37:023,null
14:47:37:361,-100,-16
14:47:37:711,-100,-14
14:47:38:060,-101,-14
14:47:38:424,null
14:47:38:774,null
14:47:39:123,null
14:47:39:474,null
14:47:39:824,null
14:47:40:175,null
14:47:40:525,null
14:47:40:874,null
14:47:41:224,null
14:47:41:574,null
14:47:41:914,-100,-16
14:47:42:276,null
14:47:42:626,null
14:47:42:964,-100,-17
14:47:43:326,null
14:47:43:676,null
14:47:44:026,null
14:47:44:365,-100,-14
14:47:44:715,-100,-14
14:47:45:064,-102,-13
14:47:45:416,-101,-14
14:47:45:766,-101,-12
14:47:46:116,-101,-14
14:47:46:466,-101,-12
14:47:46:828,null
14:47:47:167,-100,-12
14:47:47:516,-100,-12
14:47:47:866,-101,-11
14:47:48:217,-101,-12
14:47:48:566,-101,-13
14:47:48:918,-101,-15
14:47:49:279,null
14:47:49:630,null
14:47:49:979,null
14:47:50:317,null
14:47:50:668,-101,-15
14:47:51:031,null
14:47:51:380,null
14:47:51:730,null
14:47:52:082,null
14:47:52:420,-100,-14
14:47:52:781,null
14:47:53:119,-100,-12
14:47:53:470,-101,-7
14:47:53:821,-100,-9
14:47:54:170,-101,-9
14:47:54:520,-101,-9
14:47:54:870,-100,-11
14:47:55:220,-101,-11
14:47:55:572,-101,-12
14:47:55:933,null
14:47:56:283,null
14:47:56:633,null
14:47:56:972,-100,-14
14:47:57:322,-101,-10
14:47:57:672,-102,-15
14:47:58:022,-101,-13
14:47:58:384,null
14:47:58:722,-101,-13
14:47:59:073,-101,-16
14:47:59:424,-101,-11
14:47:59:773,-101,-12
14:48:00:124,-100,-12
14:48:00:473,-100,-12
14:48:00:824,-100,-11
14:48:01:174,-101,-10
14:48:01:524,-101,-9
14:48:01:874,-100,-11
14:48:02:225,-101,-11
14:48:02:574,null
14:48:02:925,-101,-11
14:48:03:275,-100,-16
14:48:03:625,-101,-15
14:48:03:975,-100,-12
14:48:04:338,null
14:48:04:688,null
14:48:05:038,null
14:48:05:388,null
14:48:05:726,-101,-14
14:48:06:077,-100,-12
14:48:06:428,-101,-10
14:48:06:777,-101,-11
14:48:07:139,null
14:48:07:490,null
14:48:07:840,null
14:48:08:190,null
14:48:08:540,null
14:48:08:890,null
14:48:09:228,-100,-16
14:48:09:591,null
14:48:09:941,null
14:48:10:291,null
14:48:10:641,null
14:48:10:992,null
14:48:11:342,null
14:48:11:680,-101,-13
14:48:12:030,-101,-12
14:48:12:380,-101,-10
14:48:12:730,-100,-13
14:48:13:081,-100,-12
14:48:13:431,-101,-12
14:48:13:781,-102,-12
14:48:14:143,null
14:48:14:494,null
14:48:14:832,-100,-13
14:48:15:182,-101,-14
14:48:15:544,null
14:48:15:882,-101,-15
14:48:16:232,-101,-11
14:48:16:583,-100,-14
14:48:16:933,null
14:48:17:295,null
14:48:17:633,null
14:48:17:996,null
14:48:18:334,-100,-17
14:48:18:696,null
14:48:19:046,null
14:48:19:396,null
14:48:19:747,null
14:48:20:097,null
14:48:20:447,null
14:48:20:785,null
14:48:21:135,-100,-15
14:48:21:485,-101,-13
14:48:21:836,-100,-12
14:48:22:186,-100,-11
14:48:22:536,-101,-8
14:48:22:886,-100,-10
14:48:23:249,null
14:48:23:587,-100,-13
14:48:23:937,-100,-14
14:48:24:287,-101,-10
14:48:24:637,-101,-7
14:48:24:988,-101,-7
14:48:25:338,-100,-9
14:48:25:700,null
14:48:26:038,-100,-3
14:48:26:388,-99,-4
14:48:26:739,-100,-4
14:48:27:089,-99,-4
14:48:27:439,-99,-2
14:48:27:789,-98,-1
14:48:28:139,-98,-2
14:48:28:490,-100,-4
14:48:28:840,-99,-6
14:48:29:190,-99,-2
14:48:29:540,-98,-2
14:48:29:890,-98,-3
14:48:30:241,-99,-3
14:48:30:591,-99,-2
14:48:30:941,-99,-3
14:48:31:291,-100,-3
14:48:31:641,-99,-4
14:48:31:992,-99,-5
14:48:32:342,-98,-4
14:48:32:692,-99,-2
14:48:33:042,-100,-3
14:48:33:392,-100,-4
14:48:33:743,-100,-4
14:48:34:105,null
14:48:34:443,-100,-7
14:48:34:793,-99,-8
14:48:35:143,-101,-7
14:48:35:494,-100,-13
14:48:35:844,-100,-12
14:48:36:194,-99,-9
14:48:36:544,-101,-11
14:48:36:894,-99,-9
14:48:37:245,-99,-8
14:48:37:595,-99,-7
14:48:37:945,-99,-8
14:48:38:295,-100,-5
14:48:38:645,-100,-4
14:48:38:996,-100,-3
14:48:39:346,-101,-6
14:48:39:696,-101,-7
14:48:40:046,-99,-8
14:48:40:396,-100,-4
14:48:40:747,-100,-3
14:48:41:097,-100,-3
14:48:41:447,-99,-3
14:48:41:797,-99,-2
14:48:42:147,-99,-3
14:48:42:510,null
14:48:42:848,-101,-6
14:48:43:198,-100,-9
14:48:43:548,-99,-8
14:48:43:898,-100,-5
14:48:44:249,-99,-6
14:48:44:599,-100,-6
14:48:44:949,-99,-6
14:48:45:299,-99,-6
14:48:45:649,-99,-6
14:48:46:000,-100,-5
14:48:46:350,-99,-6
14:48:46:700,-100,-4
14:48:47:050,-99,-4
14:48:47:400,-99,-6
14:48:47:751,-99,-5
14:48:48:101,-100,-3
14:48:48:451,-99,-4
14:48:48:813,null
14:48:49:151,-98,-2
14:48:49:502,-100,-4
14:48:49:852,-99,-2
14:48:50:202,-100,-5
14:48:50:552,-100,-5
14:48:50:902,-99,-6
14:48:51:253,-99,-7
14:48:51:603,-100,-3
14:48:51:953,-99,-6
14:48:52:315,null
14:48:52:654,-99,-7
14:48:53:004,-99,-7
14:48:53:354,-99,-4
14:48:53:704,-100,-3
14:48:54:054,-100,-5
14:48:54:405,-101,-6
14:48:54:767,null
14:48:55:105,-99,-5
14:48:55:455,-101,-5
14:48:55:805,-100,-5
14:48:56:168,null
14:48:56:506,-100,-4
14:48:56:856,-101,-6
14:48:57:206,-100,-5
14:48:57:556,-99,-6
14:48:57:907,-99,-4
14:48:58:257,-99,-2
14:48:58:607,-99,-3
14:48:58:957,-100,-8
14:48:59:307,-101,-8
14:48:59:658,-100,-7
14:49:00:007,-100,-13
14:49:00:358,-100,-14
14:49:00:708,-101,-11
14:49:01:058,-101,-13
14:49:01:409,-101,-14
14:49:01:771,null
14:49:02:121,null
14:49:02:459,-101,-13
14:49:02:820,null
14:49:03:172,null
14:49:03:522,null
14:49:03:871,null
14:49:04:222,null
14:49:04:560,-101,-14
14:49:04:922,null
14:49:05:273,null
14:49:05:611,-100,-11
14:49:05:960,-100,-9
14:49:06:311,-100,-12
14:49:06:661,-100,-11
14:49:07:024,null
14:49:07:362,-101,-8
14:49:07:712,-101,-9
14:49:08:061,-101,-10
14:49:08:413,-101,-11
14:49:08:763,-100,-14
14:49:09:113,-101,-12
14:49:09:463,-101,-10
14:49:09:813,-101,-10
14:49:10:163,-100,-11
14:49:10:514,-100,-12
14:49:10:876,null
14:49:11:226,null
14:49:11:564,-100,-14
14:49:11:914,-99,-7
14:49:12:265,-100,-6
14:49:12:615,-100,-4
14:49:12:965,-99,-5
14:49:13:315,-99,-3
14:49:13:666,-99,-2
14:49:14:015,-99,-1
14:49:14:365,-99,0
14:49:14:716,-100,-3
14:49:15:066,-99,-5
14:49:15:417,-100,-5
14:49:15:766,-99,-4
14:49:16:117,-100,-6
14:49:16:466,-100,-5
14:49:16:816,-101,-5
14:49:17:168,-99,-5
14:49:17:518,-99,-5
14:49:17:879,null
14:49:18:217,-100,-12
14:49:18:568,-101,-10
14:49:18:918,-99,-8
14:49:19:268,-100,-6
14:49:19:619,-99,-4
14:49:19:968,-100,-3
14:49:20:332,null
14:49:20:669,-99,-10
14:49:21:019,-101,-14
14:49:21:370,-100,-11
14:49:21:720,-99,-8
14:49:22:070,-100,-8
14:49:22:421,-100,-7
14:49:22:782,null
14:49:23:120,-101,-14
14:49:23:482,null
14:49:23:821,-100,-13
14:49:24:171,-101,-10
14:49:24:521,-100,-13
14:49:24:884,null
14:49:25:221,-101,-12
14:49:25:572,-100,-14
14:49:25:935,null
14:49:26:284,null
14:49:26:634,null
14:49:26:984,null
14:49:27:335,null
14:49:27:685,null
14:49:28:035,null
14:49:28:385,null
14:49:28:736,null
14:49:29:087,null
14:49:29:436,null
14:49:29:786,null
14:49:30:832,null
14:49:30:837,null
14:49:30:838,null
14:49:31:187,null
14:49:31:537,null
14:49:31:887,null
14:49:32:237,null
14:49:32:588,null
14:49:32:938,null
14:49:33:281,-101,-14
14:49:33:646,-100,-16
14:49:33:989,null
14:49:34:327,-101,-13
14:49:34:677,-101,-11
14:49:35:027,-100,-16
14:49:35:389,null
14:49:35:727,-100,-13
14:49:36:091,null
14:49:36:428,-101,-9
14:49:36:778,-101,-8
14:49:37:128,-100,-14
14:49:37:478,-101,-12
14:49:37:829,-100,-10
14:49:38:179,-100,-12
14:49:38:541,null
14:49:38:879,-101,-12
14:49:39:241,null
14:49:39:580,-101,-9
14:49:39:930,-99,-7
14:49:40:280,-100,-6
14:49:40:630,-100,-7
14:49:40:980,-100,-9
14:49:41:331,-101,-13
14:49:41:681,-101,-12
14:49:42:031,-100,-14
14:49:42:381,-100,-9
14:49:42:731,-99,-9
14:49:43:082,-100,-13
14:49:43:432,-101,-10
14:49:43:782,-99,-10
14:49:44:132,-99,-7
14:49:44:482,-100,-6
14:49:44:833,-100,-5
14:49:45:183,-101,-6
14:49:45:545,null
14:49:45:895,null
14:49:46:246,null
14:49:46:584,-100,-11
14:49:46:934,-100,-11
14:49:47:284,-100,-11
14:49:47:646,null
14:49:47:997,null
14:49:48:347,null
14:49:48:697,null
14:49:49:035,null
14:49:49:397,null
14:49:49:748,null
14:49:50:098,null
14:49:50:448,null
14:49:50:798,null
14:49:51:148,null
14:49:51:499,null
14:49:51:849,null
14:49:52:187,-101,-12
14:49:52:537,-101,-10
14:49:52:887,-100,-15
14:49:53:250,null
14:49:53:588,-101,-12
14:49:53:938,-100,-14
14:49:54:300,null
14:49:54:638,-100,-14
14:49:54:989,-100,-14
14:49:55:339,-101,-13
14:49:55:689,-101,-13
14:49:56:039,-100,-13
14:49:56:389,-100,-13
14:49:56:740,-101,-12
14:49:57:090,-101,-12
14:49:57:440,-100,-10
14:49:57:790,-101,-9
14:49:58:140,-101,-9
14:49:58:491,-100,-10
14:49:58:841,-101,-10
14:49:59:191,-100,-12
14:49:59:541,-101,-9
14:49:59:891,-101,-12
14:50:00:242,-101,-12
14:50:00:592,-101,-13
14:50:00:942,-101,-14
14:50:01:292,-100,-16
14:50:01:654,null
14:50:02:005,null
14:50:02:355,null
14:50:02:705,null
14:50:03:043,-101,-13
14:50:03:393,-102,-17
14:50:03:756,null
14:50:04:106,null
14:50:04:456,null
14:50:04:806,null
14:50:05:156,null
14:50:05:495,-101,-8
14:50:05:845,-100,-11
14:50:06:195,-100,-12
14:50:06:545,-100,-10
14:50:06:895,-100,-11
14:50:07:246,-100,-9
14:50:07:596,-99,-9
14:50:07:946,-101,-8
14:50:08:296,-101,-8
14:50:08:646,-101,-10
14:50:08:997,-101,-9
14:50:09:347,-101,-10
14:50:09:697,-100,-13
14:50:10:047,-101,-13
14:50:10:397,-100,-14
14:50:10:748,-101,-14
14:50:11:098,-100,-15
14:50:11:460,null
14:50:11:810,null
14:50:12:160,null
14:50:12:511,null
14:50:12:861,null
14:50:13:199,-101,-14
14:50:13:561,null
14:50:13:899,-101,-16
14:50:14:250,-100,-16
14:50:14:600,-101,-15
14:50:14:962,null
14:50:15:300,-101,-14
14:50:15:663,null
14:50:16:001,-100,-14
14:50:16:363,null
14:50:16:713,null
14:50:17:063,null
14:50:17:414,null
14:50:17:764,null
14:50:18:114,null
14:50:18:464,null
14:50:18:814,null
14:50:19:165,null
14:50:19:515,null
14:50:19:865,null
14:50:20:215,null
14:50:20:565,null
14:50:20:916,null
14:50:21:266,null
14:50:21:604,-100,-15
14:50:21:954,-100,-16
14:50:22:304,-101,-12
14:50:22:667,null
14:50:23:005,-101,-10
14:50:23:355,-101,-9
14:50:23:705,-101,-9
14:50:24:055,-101,-9
14:50:24:406,-99,-9
14:50:24:756,-100,-8
14:50:25:106,-100,-8
14:50:25:456,-101,-9
14:50:25:806,-100,-10
14:50:26:169,null
14:50:26:519,null
14:50:26:869,null
14:50:27:219,null
14:50:27:569,null
14:50:27:920,null
14:50:28:258,-101,-14
14:50:28:620,null
14:50:28:958,-100,-14
14:50:29:308,null
14:50:29:659,-100,-14
14:50:30:009,-101,-13
14:50:30:371,null
14:50:30:720,null
14:50:31:059,-101,-13
14:50:31:410,-101,-14
14:50:31:760,-101,-12
14:50:32:110,-101,-14
14:50:32:472,null
14:50:32:822,null
14:50:33:173,null
14:50:33:523,null
14:50:33:873,null
14:50:34:223,null
14:50:34:573,null
14:50:34:924,null
14:50:35:262,null
14:50:35:624,null
14:50:35:962,-101,-12
14:50:36:312,-100,-14
14:50:36:675,null
14:50:37:013,null
14:50:37:375,null
14:50:37:725,null
14:50:38:075,null
14:50:38:426,null
14:50:38:776,null
14:50:39:114,-100,-16
14:50:39:475,null
14:50:39:814,-101,-15
14:50:40:165,-101,-14
14:50:40:514,-100,-15
14:50:40:865,-101,-14
14:50:41:215,-100,-15
14:50:41:576,null
14:50:41:916,null
14:50:42:266,-100,-13
14:50:42:616,-101,-11
14:50:42:966,-101,-11
14:50:43:316,-101,-14
14:50:43:667,-101,-10
14:50:44:016,-100,-12
14:50:44:367,-101,-10
14:50:44:717,-101,-9
14:50:45:067,-99,-11
14:50:45:418,-99,-10
14:50:45:768,-100,-9
14:50:46:118,-101,-9
14:50:46:479,null
14:50:46:831,null
14:50:47:181,null
14:50:47:519,-101,-16
14:50:47:880,null
14:50:48:219,-100,-13
14:50:48:568,-100,-14
14:50:48:931,null
14:50:49:282,null
14:50:49:632,null
14:50:49:982,null
14:50:50:332,null
14:50:50:682,null
14:50:51:020,-101,-14
14:50:51:370,-101,-12
14:50:51:721,-101,-13
14:50:52:071,null
14:50:52:421,-100,-14
14:50:52:772,-101,-11
14:50:53:121,-101,-10
14:50:53:484,null
14:50:53:821,null
14:50:54:185,null
14:50:54:522,-100,-14
14:50:54:885,null
14:50:55:222,-101,-12
14:50:55:586,null
14:50:55:924,null
14:50:56:273,-100,-11
14:50:56:623,-101,-10
14:50:56:974,-99,-11
14:50:57:325,-100,-9
14:50:57:674,-100,-10
14:50:58:025,-99,-11
14:50:58:375,-100,-10
14:50:58:724,-100,-8
14:50:59:075,-99,-7
14:50:59:425,-99,-8
14:50:59:788,null
14:51:00:126,-99,-6
14:51:00:475,-100,-6
14:51:00:826,-99,-7
14:51:01:177,-100,-3
14:51:01:526,-99,-8
14:51:01:876,-100,-8
14:51:02:238,null
14:51:02:577,-99,-7
14:51:02:939,null
14:51:03:277,-100,-6
14:51:03:627,-99,-5
14:51:03:977,-101,-6
14:51:04:340,null
14:51:04:690,null
14:51:05:028,-101,-8
14:51:05:390,null
14:51:05:740,null
14:51:06:092,null
14:51:06:441,null
14:51:06:792,null
14:51:07:129,-99,-10
14:51:07:479,-100,-12
14:51:07:842,null
14:51:08:192,null
14:51:08:530,null
14:51:08:880,-100,-14
14:51:09:243,null
14:51:09:581,null
14:51:09:931,-101,-13
14:51:10:282,null
14:51:10:631,-100,-12
14:51:10:981,-101,-11
14:51:11:332,-101,-12
14:51:11:682,-101,-9
14:51:12:032,-101,-6
14:51:12:382,-101,-7
14:51:12:732,-101,-12
14:51:13:083,-100,-13
14:51:13:433,-101,-9
14:51:13:783,-99,-7
14:51:14:133,-100,-5
14:51:14:483,-99,-8
14:51:14:846,null
14:51:15:184,-101,-6
14:51:15:534,-100,-5
14:51:15:884,-99,-5
14:51:16:234,-100,-3
14:51:16:585,-100,-4
14:51:16:935,-100,-4
14:51:17:285,-98,-4
14:51:17:635,-99,-5
14:51:17:985,-100,-7
14:51:18:336,-100,-8
14:51:18:686,-100,-9
14:51:19:036,-100,-9
14:51:19:386,-101,-13
14:51:19:736,null
14:51:20:087,-100,-12
14:51:20:437,-100,-15
14:51:20:799,null
14:51:21:137,-100,-15
14:51:21:500,null
14:51:21:838,-100,-10
14:51:22:188,-100,-9
14:51:22:550,null
14:51:22:888,null
14:51:23:239,-101,-6
14:51:23:589,-101,-8
14:51:23:951,null
14:51:24:301,null
14:51:24:639,-100,-5
14:51:24:990,-100,-3
14:51:25:340,-100,-2
14:51:25:690,-98,0
14:51:26:040,-98,0
14:51:26:390,-98,1
14:51:26:741,-96,2
14:51:27:091,-96,2
14:51:27:441,-95,4
14:51:27:791,-94,3
14:51:28:141,-96,0
14:51:28:492,-98,-2
14:51:28:842,-97,1
14:51:29:192,-96,0
14:51:29:542,-97,1
14:51:29:892,-97,1
14:51:30:243,-96,1
14:51:30:593,-95,3
14:51:30:943,-95,3
14:51:31:293,-96,1
14:51:31:643,-96,1
14:51:31:994,-96,2
14:51:32:344,-95,3
14:51:32:694,-95,1
14:51:33:044,-95,3
14:51:33:394,-95,3
14:51:33:745,-94,4
14:51:34:095,-96,2
14:51:34:445,-93,5
14:51:34:795,-93,4
14:51:35:145,-94,4
14:51:35:496,-92,5
14:51:35:846,-94,5
14:51:36:196,-95,3
14:51:36:546,-97,1
14:51:36:896,-96,0
14:51:37:247,-96,1
14:51:37:597,-96,2
14:51:37:947,-96,2
14:51:38:297,-95,1
14:51:38:647,-98,1
14:51:38:998,-99,-1
14:51:39:348,-98,0
14:51:39:710,null
14:51:40:048,-98,-2
14:51:40:398,-99,-2
14:51:40:749,-97,0
14:51:41:099,-97,0
14:51:41:449,-96,0
14:51:41:799,-96,0
14:51:42:149,-97,0
14:51:42:512,null
14:51:42:850,-98,1
14:51:43:200,-96,1
14:51:43:550,-97,-1
14:51:43:900,-98,-2
14:51:44:251,-97,-1
14:51:44:601,-98,1
14:51:44:951,-97,0
14:51:45:301,-96,0
14:51:45:651,-98,0
14:51:46:002,-96,1
14:51:46:352,-98,1
14:51:46:702,-100,-3
14:51:47:052,null
14:51:47:415,null
14:51:47:753,-99,-10
14:51:48:103,-101,-13
14:51:48:453,-100,-11
14:51:48:803,-100,-11
14:51:49:154,-100,-7
14:51:49:504,-101,-7
14:51:50:598,null
14:51:50:936,-100,-6
14:51:51:287,-98,-3
14:51:51:637,-99,0
14:51:51:987,-98,-1
14:51:52:337,-98,-1
14:51:52:687,-98,0
14:51:53:038,-94,3
14:51:53:388,-96,2
14:51:53:738,-96,2
14:51:54:088,-97,0
14:51:54:438,-96,1
14:51:54:789,-97,0
14:51:55:139,-97,1
14:51:55:489,-96,2
14:51:55:839,-95,1
14:51:56:189,-96,1
14:51:56:540,-96,0
14:51:56:890,-96,3
14:51:57:240,-95,3
14:51:57:590,-94,3
14:51:57:940,-93,6
14:51:58:291,-94,4
14:51:58:641,-94,3
14:51:58:991,-95,2
14:51:59:341,-94,3
14:51:59:691,-94,4
14:52:00:042,-95,2
14:52:00:392,-95,3
14:52:00:742,-95,2
14:52:01:092,-94,3
14:52:01:443,-95,2
14:52:01:805,null
14:52:02:143,-95,3
14:52:02:493,-95,3
14:52:02:842,-96,2
14:52:03:194,-97,1
14:52:03:544,-98,-2
14:52:03:894,-97,0
14:52:04:244,-97,0
14:52:04:594,-97,0
14:52:04:945,-97,0
14:52:05:294,-98,0
14:52:05:644,-96,2
14:52:05:995,-97,0
14:52:06:345,-96,0
14:52:06:695,-95,2
14:52:07:046,-96,0
14:52:07:396,-95,4
14:52:07:745,-96,3
14:52:08:095,-94,4
14:52:08:447,-97,0
14:52:08:797,-98,-2
14:52:09:146,-99,0
14:52:09:497,-97,-1
14:52:09:847,-97,-1
14:52:10:197,-96,0
14:52:10:548,-97,1
14:52:10:898,-96,0
14:52:11:247,-98,0
14:52:11:597,-97,1
14:52:11:949,-96,0
14:52:12:299,-96,0
14:52:12:649,-96,0
14:52:12:999,-96,2
14:52:13:348,-96,1
14:52:13:700,-97,1
14:52:14:050,-97,0
14:52:14:399,-95,1
14:52:14:749,-96,1
14:52:15:099,-94,3
14:52:15:451,-93,5
14:52:15:801,-92,6
14:52:16:150,-92,5
14:52:16:500,-91,4
14:52:16:851,-96,2
14:52:17:202,-95,1
14:52:17:552,-94,3
14:52:17:902,-95,4
14:52:18:252,-98,0
14:52:18:601,-95,2
14:52:18:953,-95,1
14:52:19:303,-95,3
14:52:19:652,-93,4
14:52:20:003,-94,4
14:52:20:352,-94,4
14:52:20:704,-93,5
14:52:21:053,-93,5
14:52:21:403,-94,4
14:52:21:754,-93,5
14:52:22:104,-91,5
14:52:22:454,-91,5
14:52:22:805,-91,5
14:52:23:154,-91,5
14:52:23:505,-91,5
14:52:23:855,-90,7
14:52:24:206,-90,5
14:52:24:555,-90,6
14:52:24:905,-89,6
14:52:25:255,-90,6
14:52:25:606,-90,6
14:52:25:956,-89,7
14:52:26:306,-88,7
14:52:26:657,-89,7
14:52:27:006,-89,6
14:52:27:356,-90,6
14:52:27:707,-90,6
14:52:28:057,-90,5
14:52:28:408,-91,5
14:52:28:757,-92,5
14:52:29:107,-92,5
14:52:29:458,-93,4
14:52:29:809,-93,5
14:52:30:158,-89,6
14:52:30:508,-89,6
14:52:30:860,-90,6
14:52:31:209,-91,5
14:52:31:559,-90,5
14:52:31:910,-90,6
14:52:32:259,-90,6
14:52:32:610,-89,6
14:52:32:960,-89,7
14:52:33:310,-90,6
14:52:33:660,-95,3
14:52:34:010,-94,5
14:52:34:361,-93,4
14:52:34:711,-93,5
14:52:35:061,-92,5
14:52:35:411,-91,5
14:52:35:761,-91,5
14:52:36:112,-92,4
14:52:36:462,-92,4
14:52:36:812,-93,5
14:52:37:162,-91,5
14:52:37:513,-91,4
14:52:37:863,-91,5
14:52:38:213,-91,5
14:52:38:563,-91,5
14:52:38:913,-92,5
14:52:39:263,-92,5
14:52:39:615,-91,4
14:52:39:964,-91,4
14:52:40:314,-91,4
14:52:40:664,-91,5
14:52:41:014,-92,5
14:52:41:365,-93,4
14:52:41:715,-94,3
14:52:42:065,-94,3
14:52:42:415,-93,4
14:52:42:765,-93,4
14:52:43:116,-94,2
14:52:43:466,-94,3
14:52:43:816,-95,2
14:52:44:166,-96,2
14:52:44:516,-94,2
14:52:44:867,-95,3
14:52:45:217,-95,3
14:52:45:567,-96,1
14:52:45:917,-93,4
14:52:46:267,-95,3
14:52:46:618,-93,5
14:52:46:968,-92,5
14:52:47:318,-92,5
14:52:47:668,-89,7
14:52:48:018,-90,6
14:52:48:369,-90,6
14:52:48:719,-93,5
14:52:49:069,-92,5
14:52:49:419,-93,5
14:52:49:769,-93,5
14:52:50:120,-90,5
14:52:50:470,-93,4
14:52:50:820,-98,-4
14:52:51:170,-97,-4
14:52:51:520,-98,-3
14:52:51:871,-98,-3
14:52:52:221,-95,2
14:52:52:571,-92,4
14:52:52:921,-91,4
14:52:53:271,-91,4
14:52:53:622,-90,5
14:52:53:972,-90,5
14:52:54:322,-90,5
14:52:54:672,-90,6
14:52:55:022,-89,6
14:52:55:373,-88,7
14:52:55:723,-88,8
14:52:56:073,-88,8
14:52:56:423,-88,8
14:52:56:773,-90,5
14:52:57:124,-90,5
14:52:57:474,-89,6
14:52:57:824,-89,7
14:52:58:174,-94,3
14:52:58:524,-91,5
14:52:58:875,-91,5
14:52:59:225,-89,6
14:52:59:575,-89,6
14:52:59:925,-89,6
14:53:00:276,-89,6
14:53:00:626,-89,6
14:53:00:976,-90,6
14:53:01:326,-91,5
14:53:01:676,-90,5
14:53:02:027,-90,5
14:53:02:377,-89,7
14:53:02:727,-88,8
14:53:03:077,-88,8
14:53:03:427,-92,5
14:53:03:778,-90,5
14:53:04:128,-92,4
14:53:04:478,-92,5
14:53:04:828,-92,5
14:53:05:178,-93,5
14:53:05:529,-91,5
14:53:05:879,-91,4
14:53:06:229,-92,5
14:53:06:579,-88,7
14:53:06:929,-86,7
14:53:07:280,-87,8
14:53:07:630,-90,6
14:53:07:980,-90,5
14:53:08:330,-92,4
14:53:08:680,-99,-8
14:53:09:031,-100,-4
14:53:09:381,-99,-7
14:53:09:731,-99,-8
14:53:10:081,-101,-9
14:53:10:431,-100,-9
14:53:10:782,-100,-12
14:53:11:132,-101,-12
14:53:11:482,null
14:53:11:832,-100,-8
14:53:12:182,-100,-4
14:53:12:533,-99,-5
14:53:12:883,-98,0
14:53:13:233,-97,0
14:53:13:583,-97,1
14:53:13:933,-97,1
14:53:14:284,-96,0
14:53:14:634,-95,1
14:53:14:984,-95,3
14:53:15:334,-96,0
14:53:15:684,-96,0
14:53:16:035,-96,1
14:53:16:385,-98,-1
14:53:16:735,-98,-4
14:53:17:085,-100,-8
14:53:17:435,-99,-6
14:53:17:786,-100,-6
14:53:18:136,-98,-1
14:53:18:486,-96,1
14:53:18:836,-95,2
14:53:19:186,-94,5
14:53:19:537,-93,5
14:53:19:887,-94,4
14:53:20:237,-95,3
14:53:20:587,-94,4
14:53:20:937,-93,4
14:53:21:288,-94,4
14:53:21:638,-94,5
14:53:21:988,-93,5
14:53:22:338,-91,4
14:53:22:688,-91,5
14:53:23:039,-91,5
14:53:23:389,-94,4
14:53:23:739,-91,5
14:53:24:089,-95,3
14:53:24:439,-95,2
14:53:24:790,-94,2
14:53:25:140,-89,7
14:53:25:490,-90,5
14:53:25:840,-93,5
14:53:26:190,-92,6
14:53:26:541,-93,4
14:53:26:891,-93,5
14:53:27:241,-93,5
14:53:27:591,-92,4
14:53:27:941,-94,4
14:53:28:292,-94,3
14:53:28:642,-94,2
14:53:28:992,-95,2
14:53:29:341,-95,1
14:53:29:692,-93,4
14:53:30:043,-93,5
14:53:30:393,-94,4
14:53:30:743,-95,1
14:53:31:093,-94,1
14:53:31:444,-94,1
14:53:31:794,-95,1
14:53:32:144,-95,1
14:53:32:494,-94,2
14:53:32:844,null
14:53:33:195,-94,4
14:53:33:545,-95,2
14:53:33:895,-96,1
14:53:34:245,-96,1
14:53:34:595,-97,-1
14:53:34:946,-98,0
14:53:35:296,-100,-5
14:53:35:646,-97,0
14:53:35:996,-98,0
14:53:36:346,-96,0
14:53:36:697,-96,0
14:53:37:047,-96,0
14:53:37:397,-97,-1
14:53:37:747,-97,0
14:53:38:097,-95,2
14:53:38:448,-95,1
14:53:38:798,-97,0
14:53:39:148,-98,-1
14:53:39:498,-97,-1
14:53:39:847,-97,0
14:53:40:199,-98,0
14:53:40:548,-98,-1
14:53:40:899,-98,-2
14:53:41:261,null
14:53:41:598,-98,-3
14:53:41:949,-99,-3
14:53:42:311,null
14:53:42:650,-99,-7
14:53:43:000,-98,0
14:53:43:350,-95,2
14:53:43:701,-95,0
14:53:44:051,-95,3
14:53:44:401,-94,2
14:53:44:751,-93,4
14:53:45:100,-93,4
14:53:45:452,-93,4
14:53:45:802,-91,4
14:53:46:151,-92,4
14:53:46:501,-91,4
14:53:46:851,-90,5
14:53:47:203,-92,4
14:53:47:553,-94,3
14:53:47:903,-95,3
14:53:48:252,-95,2
14:53:48:603,-96,0
14:53:48:953,-97,0
14:53:49:304,-95,2
14:53:49:654,-94,3
14:53:50:004,-93,4
14:53:50:353,-93,5
14:53:50:705,-92,5
14:53:51:055,-93,4
14:53:51:404,-93,4
14:53:51:755,-94,2
14:53:52:105,-93,5
14:53:52:456,-93,5
14:53:52:806,-93,4
14:53:53:155,-94,3
14:53:53:505,-95,1
14:53:53:856,-95,1
14:53:54:206,-98,1
14:53:54:557,-95,1
14:53:54:907,-93,3
14:53:55:256,-94,3
14:53:55:607,-95,3
14:53:55:958,-96,0
14:53:56:308,-98,-4
14:53:56:657,-99,-6
14:53:57:008,-99,-3
14:53:57:357,-96,2
14:53:57:709,-95,0
14:53:58:058,-95,2
14:53:58:409,-93,3
14:53:58:758,-92,4
14:53:59:108,-93,4
14:53:59:460,-91,5
14:53:59:809,-89,7
14:54:00:160,-89,6
14:54:00:509,-89,7
14:54:00:861,-89,6
14:54:01:210,-89,7
14:54:01:560,-88,7
14:54:01:910,-90,7
14:54:02:261,-90,5
14:54:02:611,-91,4
14:54:02:961,-93,5
14:54:03:312,-95,3
14:54:03:661,-95,2
14:54:04:011,-95,2
14:54:04:362,-96,1
14:54:04:712,-96,0
14:54:05:063,-96,2
14:54:05:412,-94,4
14:54:05:762,-94,5
14:54:06:114,-93,4
14:54:06:463,-92,5
14:54:06:813,-94,4
14:54:07:164,-94,4
14:54:07:513,-94,3
14:54:07:864,-95,2
14:54:08:214,-95,0
14:54:08:564,-97,0
14:54:08:914,-98,0
14:54:09:264,-98,-3
14:54:09:616,-98,-3
14:54:09:965,-98,-2
14:54:10:327,null
14:54:10:677,null
14:54:11:015,-98,-1
14:54:11:367,-98,-7
14:54:11:716,-99,-8
14:54:12:066,-99,-5
14:54:12:428,null
14:54:12:778,null
14:54:13:117,-97,0
14:54:13:479,null
14:54:13:817,-99,-3
14:54:14:179,null
14:54:14:529,null
14:54:14:868,-99,-7
14:54:15:218,-99,-5
14:54:15:580,null
14:54:15:918,-100,-5
14:54:16:280,null
14:54:16:631,null
14:54:16:969,-97,0
14:54:17:319,-98,-3
14:54:17:681,null
14:54:18:019,-100,-6
14:54:18:382,null
14:54:18:732,null
14:54:19:082,null
14:54:19:432,null
14:54:19:770,-100,-6
14:54:20:121,-99,-7
14:54:20:483,null
14:54:20:821,-100,-4
14:54:21:171,-98,-3
14:54:21:521,-97,-1
14:54:21:872,-96,0
14:54:22:222,-97,0
14:54:22:572,-96,2
14:54:22:922,-98,-3
14:54:23:272,-98,-2
14:54:23:623,-97,0
14:54:23:973,-96,-1
14:54:24:323,-98,-2
14:54:24:673,-99,-2
14:54:25:036,null
14:54:25:386,null
14:54:25:724,-99,-4
14:54:26:074,-100,-4
14:54:26:424,-100,-5
14:54:26:774,-98,-6
14:54:27:137,null
14:54:27:475,-98,-3
14:54:27:825,-99,-5
14:54:28:175,-96,0
14:54:28:526,-96,-2
14:54:28:876,-97,-1
14:54:29:226,-96,-1
14:54:29:576,-97,-4
14:54:29:926,-99,-9
14:54:30:987,null
14:54:30:991,-99,-2
14:54:30:991,-100,-7
14:54:31:327,-99,-6
14:54:31:677,-100,-6
14:54:32:028,-99,-6
14:54:32:378,null
14:54:32:740,null
14:54:33:078,-98,-4
14:54:33:440,null
14:54:33:791,null
14:54:34:129,-99,-5
14:54:34:479,-99,-8
14:54:34:829,-99,-4
14:54:35:191,null
14:54:35:542,null
14:54:35:880,-99,-6
14:54:36:242,null
14:54:36:592,null
14:54:36:930,-100,-8
14:54:37:281,-98,-5
14:54:37:631,-99,-8
14:54:37:981,-98,-1
14:54:38:331,-97,-3
14:54:38:681,-99,-2
14:54:39:032,-98,-5
14:54:39:382,-99,-7
14:54:39:744,null
14:54:40:094,null
14:54:40:432,-100,-6
14:54:40:795,null
14:54:41:145,null
14:54:41:495,null
14:54:41:845,null
14:54:42:183,-100,-9
14:54:42:546,null
14:54:42:896,null
14:54:43:246,null
14:54:43:596,null
14:54:43:946,null
14:54:44:285,-98,-5
14:54:44:635,-98,-4
14:54:44:985,-97,-1
14:54:45:347,null
14:54:45:685,-96,0
14:54:46:036,-95,-2
14:54:46:386,-95,-1
14:54:46:748,null
14:54:47:086,-97,-2
14:54:47:448,null
14:54:47:787,-97,-1
14:54:48:137,-96,-2
14:54:48:499,null
14:54:48:837,-96,1
14:54:49:187,-95,2
14:54:49:538,-96,0
14:54:49:888,-95,0
14:54:50:238,-98,-4
14:54:50:600,null
14:54:50:938,-96,0
14:54:51:289,-95,0
14:54:51:639,-96,-2
14:54:51:989,-96,0
14:54:52:351,null
14:54:52:689,-98,-1
14:54:53:052,null
14:54:53:402,null
14:54:53:740,-94,0
14:54:54:090,-95,-1
14:54:54:440,-96,-2
14:54:54:791,-97,-2
14:54:55:153,null
14:54:55:491,-95,-1
14:54:55:841,-96,-1
14:54:56:204,null
14:54:56:542,-93,1
14:54:56:892,-94,2
14:54:57:242,-92,3
14:54:57:592,-90,0
14:54:57:942,-92,1
14:54:58:293,-94,1
14:54:58:643,-92,0
14:54:58:993,-93,3
14:54:59:343,-91,4
14:54:59:693,-90,2
14:55:00:044,-90,3
14:55:00:394,-90,3
14:55:00:744,null
14:55:01:094,-94,0
14:55:01:457,null
14:55:01:795,-90,1
14:55:02:145,-90,0
14:55:02:507,null
14:55:02:845,-90,2
14:55:03:196,-89,1
14:55:03:546,-90,3
14:55:03:896,-90,4
14:55:04:246,-91,2
14:55:04:596,-91,5
14:55:04:947,-90,3
14:55:05:297,-91,2
14:55:05:647,-92,2
14:55:05:997,-92,2
14:55:06:347,-93,2
14:55:06:698,-90,5
14:55:07:048,-89,5
14:55:07:398,-88,8
14:55:07:748,-87,8
14:55:08:097,-85,6
14:55:08:449,-90,1
14:55:08:799,-86,7
14:55:09:148,-87,8
14:55:09:499,-88,6
14:55:09:849,-90,5
14:55:10:200,-90,5
14:55:10:550,-90,5
14:55:10:900,-90,5
14:55:11:250,-90,4
14:55:11:600,-89,5
14:55:11:950,-90,4
14:55:12:301,-89,4
14:55:12:651,-90,4
14:55:13:000,-89,6
14:55:13:351,-87,6
14:55:13:702,-88,7
14:55:14:051,-89,5
14:55:14:402,-90,3
14:55:14:752,-91,3
14:55:15:102,-92,3
14:55:15:452,-91,4
14:55:15:803,-91,1
14:55:16:153,-91,2
14:55:16:502,-90,4
14:55:16:853,-90,5
14:55:17:203,-92,2
14:55:17:554,-92,2
14:55:17:904,-91,0
14:55:18:254,-91,3
14:55:18:603,-91,5
14:55:18:955,-90,2
14:55:19:304,-90,3
14:55:19:655,-90,0
14:55:20:005,-92,4
14:55:20:354,-92,2
14:55:20:705,-94,3
14:55:21:056,-92,2
14:55:21:406,-91,3
14:55:21:755,-90,6
14:55:22:105,-90,5
14:55:22:457,-92,4
14:55:22:807,-94,3
14:55:23:156,-92,4
14:55:23:507,-92,4
14:55:23:856,-91,4
14:55:24:208,-92,3
14:55:24:557,-92,5
14:55:24:908,-92,4
14:55:25:257,-90,5
14:55:25:607,-89,6
14:55:25:958,-89,6
14:55:26:309,-90,5
14:55:26:658,-90,6
14:55:27:008,-90,5
14:55:27:359,-90,3
14:55:27:709,-90,4
14:55:28:059,-90,5
14:55:28:410,-90,5
14:55:28:759,-90,5
14:55:29:109,-91,4
14:55:29:460,-92,4
14:55:29:810,-93,4
14:55:30:160,-92,3
14:55:30:511,-91,4
14:55:30:861,-90,4
14:55:31:212,-91,4
14:55:31:561,-89,6
14:55:31:911,-90,5
14:55:32:262,-88,6
14:55:32:612,-88,6
14:55:32:962,-88,7
14:55:33:313,-87,8
14:55:33:662,-88,8
14:55:34:012,-88,7
14:55:34:363,-90,5
14:55:34:714,-90,6
14:55:35:063,-90,5
14:55:35:414,-89,6
14:55:35:763,-89,6
14:55:36:114,-91,5
14:55:36:465,-91,5
14:55:36:814,-91,5
14:55:37:164,-90,5
14:55:37:515,-91,5
14:55:37:865,-91,3
14:55:38:215,-91,5
14:55:38:566,-93,3
14:55:38:915,-93,5
14:55:39:265,-93,4
14:55:39:617,-93,4
14:55:39:966,-93,4
14:55:40:316,-94,4
14:55:40:666,-92,3
14:55:41:017,-92,4
14:55:41:367,-94,2
14:55:41:717,-93,3
14:55:42:068,-94,4
14:55:42:417,-94,3
14:55:42:767,-93,3
14:55:43:119,-95,2
14:55:43:468,-94,3
14:55:43:818,-94,2
14:55:44:168,-96,0
14:55:44:518,-94,3
14:55:44:869,-92,5
14:55:45:219,-93,4
14:55:45:569,-93,5
14:55:45:919,-92,4
14:55:46:269,-92,5
14:55:46:620,-92,4
14:55:46:970,-93,4
14:55:47:320,-94,4
14:55:47:670,-95,0
14:55:48:020,-95,1
14:55:48:371,-94,3
14:55:48:721,-95,0
14:55:49:071,-94,4
14:55:49:421,-93,4
14:55:49:771,-91,4
14:55:50:122,-90,5
14:55:50:472,-91,5
14:55:50:822,-92,4
14:55:51:172,-93,4
14:55:51:522,-93,5
14:55:51:873,-93,4
14:55:52:223,-92,5
14:55:52:573,-91,4
14:55:52:923,-91,5
14:55:53:273,-91,5
14:55:53:624,-91,5
14:55:53:974,-92,4
14:55:54:324,-91,5
14:55:54:674,-92,5
14:55:55:024,-92,4
14:55:55:375,-92,5
14:55:55:725,-93,4
14:55:56:075,-91,4
14:55:56:425,-93,5
14:55:56:775,-92,4
14:55:57:126,-92,5
14:55:57:476,-91,5
14:55:57:826,-91,4
14:55:58:176,-93,4
14:55:58:526,-94,2
14:55:58:877,-92,4
14:55:59:227,-90,6
14:55:59:577,-92,4
14:55:59:927,-93,3
14:56:00:278,-95,3
14:56:00:628,-94,4
14:56:00:978,-93,5
14:56:01:328,-94,3
14:56:01:678,-95,3
14:56:02:029,-95,2
14:56:02:379,-94,2
14:56:02:729,-94,4
14:56:03:079,-94,2
14:56:03:429,-94,0
14:56:03:780,-96,0
14:56:04:130,-98,-3
14:56:04:492,null
14:56:04:830,-99,-4
14:56:05:192,null
14:56:05:531,-100,-5
14:56:05:881,-99,-4
14:56:06:231,-99,-5
14:56:06:581,-98,-3
14:56:06:943,null
14:56:07:282,-98,-2
14:56:07:644,null
14:56:07:982,-98,-6
14:56:08:332,-100,-4
14:56:08:694,null
14:56:09:033,-99,-6
14:56:09:395,null
14:56:09:733,-100,-9
14:56:10:095,null
14:56:10:445,null
14:56:10:784,null
14:56:11:134,-100,-5
14:56:11:484,-99,-7
14:56:11:834,-99,-5
14:56:12:196,null
14:56:12:535,-98,-3
14:56:12:885,-98,-3
14:56:13:235,-99,-6
14:56:13:585,null
14:56:13:935,-100,-4
14:56:14:298,null
14:56:14:648,null
14:56:14:986,-99,-7
14:56:15:336,-99,-3
14:56:15:686,-98,-6
14:56:16:037,-99,-7
14:56:16:399,null
14:56:16:737,null
14:56:17:087,-99,-4
14:56:17:437,-99,-5
14:56:17:788,-98,-5
14:56:18:138,-100,-5
14:56:18:500,null
14:56:18:838,-96,0
14:56:19:188,-96,0
14:56:19:539,-97,0
14:56:19:889,-96,1
14:56:20:251,null
14:56:20:601,null
14:56:20:951,null
14:56:21:290,-98,-1
14:56:21:640,-97,-1
14:56:21:990,-97,0
14:56:22:340,-97,-1
14:56:22:690,-95,1
14:56:23:041,-95,1
14:56:23:391,-97,1
14:56:23:741,-95,1
14:56:24:091,-93,4
14:56:24:441,-93,4
14:56:24:792,-93,4
14:56:25:142,-93,4
14:56:25:492,-94,4
14:56:25:842,-95,2
14:56:26:192,-91,4
14:56:26:543,-90,5
14:56:26:893,-90,6
14:56:27:243,-93,5
14:56:27:593,-92,5
14:56:27:943,-91,6
14:56:28:294,-89,6
14:56:28:644,-89,6
14:56:28:994,-91,5
14:56:29:344,-90,5
14:56:29:695,-90,6
14:56:30:045,-94,5
14:56:30:395,-93,5
14:56:30:745,-92,5
14:56:31:095,-92,4
14:56:31:446,-94,4
14:56:31:796,-95,4
14:56:32:146,-96,2
14:56:32:496,-95,2
14:56:32:846,-92,5
14:56:33:197,-89,6
14:56:33:547,-89,6
14:56:33:897,-91,4
14:56:34:247,-92,5
14:56:34:597,-91,5
14:56:34:948,-92,5
14:56:35:297,-92,4
14:56:35:648,-94,3
14:56:35:998,-99,-4
14:56:36:348,-99,-2
14:56:39:137,null
14:56:39:488,-99,-6
14:56:39:838,-99,-6
14:56:40:188,-99,-3
14:56:40:539,-100,-5
14:56:40:900,null
14:56:41:239,null
14:56:41:601,null
14:56:41:951,null
14:56:42:302,null
14:56:42:640,-99,-6
14:56:42:990,-100,-7
14:56:43:352,null
14:56:43:703,null
14:56:44:041,-98,-1
14:56:44:391,null
14:56:44:753,null
14:56:45:091,null
14:56:45:441,-99,-2
14:56:45:792,-98,-2
14:56:46:141,-99,-4
14:56:46:492,-99,-3
14:56:46:841,-98,-1
14:56:47:192,-99,-1
14:56:47:542,-100,-5
14:56:47:905,null
14:56:48:255,null
14:56:48:593,-101,-9
14:56:48:955,null
14:56:49:306,null
14:56:49:656,null
14:56:50:005,null
14:56:50:356,null
14:56:50:694,-101,-8
14:56:51:056,null
14:56:51:395,null
14:56:51:757,null
14:56:52:094,null
14:56:52:444,-100,-9
14:56:52:808,null
14:56:53:157,null
14:56:53:508,null
14:56:53:858,null
14:56:54:197,-100,-9
14:56:54:558,null
14:56:54:909,null
14:56:55:258,null
14:56:55:596,null
14:56:55:959,null
14:56:56:309,null
14:56:56:659,null
14:56:57:009,null
14:56:57:360,null
14:56:57:711,null
14:56:58:049,-100,-16
14:56:58:398,null
14:56:58:760,null
14:56:59:110,null
14:56:59:461,null
14:56:59:811,null
14:57:00:161,null
14:57:00:511,null
14:57:00:850,-100,-5
14:57:01:199,null
14:57:01:562,null
14:57:01:912,null
14:57:02:251,-100,-14
14:57:02:600,-101,-13
14:57:02:964,null
14:57:03:313,null
14:57:03:663,null
14:57:04:001,-101,-14
14:57:04:363,null
14:57:04:703,-100,-13
14:57:05:064,null
14:57:05:414,null
14:57:05:764,null
14:57:06:102,null
14:57:06:465,null
14:57:06:815,null
14:57:07:166,null
14:57:07:516,null
14:57:07:853,null
14:57:08:204,-100,-11
14:57:08:567,null
14:57:08:916,null
14:57:09:266,null
14:57:09:617,null
14:57:09:955,-101,-8
14:57:10:317,null
14:57:10:655,null
14:57:11:017,null
14:57:11:355,-101,-8
14:57:11:718,null
14:57:12:056,null
14:57:12:418,null
14:57:12:756,null
14:57:13:119,null
14:57:13:469,null
14:57:13:819,null
14:57:14:169,null
14:57:14:507,-100,-9
14:57:14:857,-100,-9
14:57:15:208,-100,-14
14:57:15:570,null
14:57:15:908,-100,-13
14:57:16:270,null
14:57:16:621,null
14:57:16:971,null
14:57:17:321,null
14:57:17:671,null
14:57:18:009,null
14:57:18:372,null
14:57:18:711,-100,-7
14:57:19:060,null
14:57:19:422,null
14:57:19:772,null
14:57:20:110,-101,-13
14:57:20:473,null
14:57:20:823,null
14:57:21:173,null
14:57:21:523,null
14:57:21:861,-100,-9
14:57:22:224,null
14:57:22:562,-99,-6
14:57:22:924,null
14:57:23:262,-99,-3
14:57:23:625,null
14:57:23:963,-99,-3
14:57:24:313,-99,-6
14:57:24:675,null
14:57:25:013,-98,-2
14:57:25:364,-97,0
14:57:25:714,-95,2
14:57:26:076,null
14:57:26:426,null
14:57:26:776,null
14:57:27:115,-99,-2
14:57:27:465,null
14:57:27:815,-99,-6
14:57:28:165,-98,0
14:57:28:515,-99,-3
14:57:28:865,null
14:57:29:228,null
14:57:29:578,null
14:57:29:916,-98,-4
14:57:30:266,-99,-5
14:57:30:629,null
14:57:30:967,-100,-9
14:57:31:317,-100,-7
14:57:31:667,-99,-4
14:57:32:017,null
14:57:32:380,null
14:57:32:730,null
14:57:33:080,null
14:57:33:430,null
14:57:33:780,null
