14:46:48:847,-34,8
14:46:49:190,-35,8
14:46:49:550,-38,9
14:46:49:893,-34,8
14:46:50:237,-34,8
14:46:50:597,-35,9
14:46:50:940,-36,10
14:46:51:300,-50,11
14:46:51:643,-59,8
14:46:51:987,-56,11
14:46:52:346,-53,8
14:46:52:690,-54,8
14:46:53:050,-55,9
14:46:53:393,-58,11
14:46:53:753,-66,10
14:46:54:096,-57,10
14:46:54:440,-57,9
14:46:54:800,-63,9
14:46:55:143,-67,9
14:46:55:503,-67,10
14:46:55:846,-63,10
14:46:56:190,-58,11
14:46:56:549,-62,8
14:46:56:893,-64,8
14:46:57:253,-63,9
14:46:57:596,-66,9
14:46:57:956,-61,9
14:46:58:294,-58,9
14:46:58:653,-57,8
14:46:58:997,-54,9
14:46:59:356,-63,8
14:46:59:700,-65,10
14:47:00:044,-69,9
14:47:00:403,-74,9
14:47:00:747,-72,9
14:47:01:106,-67,10
14:47:01:450,-74,8
14:47:01:794,-75,8
14:47:02:153,-77,9
14:47:02:497,-79,9
14:47:02:856,-79,8
14:47:03:200,-87,6
14:47:03:559,-75,9
14:47:03:903,-74,10
14:47:04:247,-73,10
14:47:04:606,-68,9
14:47:05:309,-85,7
14:47:05:653,-72,10
14:47:05:997,-77,9
14:47:06:356,-76,10
14:47:06:706,-70,8
14:47:07:049,-77,10
14:47:07:409,-74,10
14:47:07:753,-67,10
14:47:08:096,-71,9
14:47:08:456,-79,10
14:47:08:799,-76,10
14:47:09:148,-67,8
14:47:09:508,-79,9
14:47:09:851,-69,10
14:47:10:211,-72,9
14:47:10:555,-73,11
14:47:10:898,-76,8
14:47:11:258,-68,10
14:47:11:601,-73,11
14:47:11:961,-71,9
14:47:12:304,-65,9
14:47:12:664,-67,11
14:47:13:008,-66,9
14:47:13:351,-68,9
14:47:13:711,-66,11
14:47:14:054,-69,9
14:47:14:414,-69,9
14:47:14:757,-65,8
14:47:15:101,-67,10
14:47:15:461,-64,9
14:47:15:804,-70,11
14:47:16:164,-85,8
14:47:16:507,-75,10
14:47:16:851,-86,8
14:47:17:211,-72,9
14:47:17:554,-75,11
14:47:17:914,-78,10
14:47:18:257,-81,8
14:47:18:617,-76,11
14:47:18:960,-81,10
14:47:19:304,-83,9
14:47:19:664,-92,4
14:47:20:017,-85,7
14:47:20:353,-80,9
14:47:20:713,-78,11
14:47:21:062,-83,8
14:47:21:404,-85,8
14:47:21:763,-90,6
14:47:22:107,-83,9
14:47:22:467,-76,9
14:47:22:810,-70,11
14:47:23:170,-85,8
14:47:23:513,-87,7
14:47:23:857,-92,3
14:47:24:217,-80,9
14:47:24:560,-81,11
14:47:24:920,-81,8
14:47:25:263,-88,6
14:47:25:607,-95,1
14:47:25:966,-80,9
14:47:26:310,-80,8
14:47:26:670,-88,7
14:47:27:013,-81,8
14:47:27:357,-90,6
14:47:27:716,-88,6
14:47:28:060,-84,8
14:47:28:419,-84,8
14:47:28:763,-82,10
14:47:29:123,-84,9
14:47:29:466,-85,8
14:47:29:810,-81,10
14:47:30:169,-86,8
14:47:30:513,-78,9
14:47:30:873,-91,6
14:47:31:218,-96,0
14:47:31:562,-81,10
14:47:31:921,-83,9
14:47:32:265,-84,8
14:47:32:625,-80,8
14:47:32:968,-78,9
14:47:33:312,-78,11
14:47:33:671,-73,11
14:47:34:015,-75,8
14:47:34:374,-70,8
14:47:34:718,-73,8
14:47:35:076,-73,8
14:47:35:420,-76,10
14:47:35:764,-79,10
14:47:36:123,-72,9
14:47:36:467,-74,10
14:47:36:826,-73,9
14:47:37:170,-72,9
14:47:37:514,-75,11
14:47:37:873,-75,11
14:47:38:217,-75,11
14:47:38:576,-76,8
14:47:38:920,-74,8
14:47:39:264,-73,11
14:47:39:623,-77,8
14:47:39:967,-78,10
14:47:40:326,-74,9
14:47:40:670,-75,11
14:47:41:029,-76,8
14:47:41:373,-76,11
14:47:41:717,-75,9
14:47:42:070,-74,8
14:47:42:429,-77,9
14:47:42:773,-73,8
14:47:43:117,-76,10
14:47:43:476,-79,8
14:47:43:820,-86,8
14:47:44:179,-83,9
14:47:44:523,-83,9
14:47:44:882,-81,11
14:47:45:226,-79,8
14:47:45:570,-78,9
14:47:45:929,-78,11
14:47:46:273,-80,9
14:47:46:632,-81,8
14:47:46:976,-89,7
14:47:47:320,-80,8
14:47:47:679,-83,8
14:47:48:023,-84,8
14:47:48:382,-83,8
14:47:48:726,-79,10
14:47:49:070,-81,10
14:47:49:429,-79,11
14:47:49:773,-78,9
14:47:50:132,-78,8
14:47:50:476,-78,9
14:47:50:835,-79,11
14:47:51:179,-79,8
14:47:51:523,-81,8
14:47:51:882,-83,7
14:47:52:226,-82,10
14:47:52:585,-79,8
14:47:52:929,-81,9
14:47:53:282,-77,9
14:47:53:626,-78,9
14:47:53:985,-78,9
14:47:54:329,-75,8
14:47:54:673,-82,8
14:47:55:032,-84,8
14:47:55:376,-82,7
14:47:55:735,-81,10
14:47:56:079,-82,7
14:47:56:438,-79,10
14:47:56:782,-79,10
14:47:57:126,-80,10
14:47:57:485,-79,8
14:47:57:829,-82,8
14:47:58:188,-83,7
14:47:58:532,-86,7
14:47:58:876,-78,11
14:47:59:235,-80,8
14:47:59:579,-80,8
14:47:59:938,-83,8
14:48:00:282,-82,10
14:48:00:641,-80,7
14:48:00:985,-82,8
14:48:01:329,-81,9
14:48:01:688,-79,7
14:48:02:032,-83,8
14:48:02:391,-85,8
14:48:02:735,-82,10
14:48:03:085,-85,7
14:48:03:429,-80,7
14:48:03:788,-79,8
14:48:04:132,-83,8
14:48:04:491,-81,9
14:48:04:835,-83,7
14:48:05:179,-87,9
14:48:05:538,-87,8
14:48:05:882,-80,8
14:48:06:241,-83,8
14:48:06:585,-81,8
14:48:06:944,-82,7
14:48:07:288,-87,8
14:48:07:632,-89,6
14:48:07:991,-86,7
14:48:08:335,-88,7
14:48:08:694,-89,6
14:48:09:038,-91,4
14:48:09:382,-84,8
14:48:09:741,-87,9
14:48:10:085,-85,7
14:48:10:444,-87,8
14:48:10:788,-82,8
14:48:11:147,-81,9
14:48:11:491,-82,10
14:48:11:835,-78,8
14:48:12:194,-82,7
14:48:12:538,-84,8
14:48:12:897,-78,9
14:48:13:241,-86,9
14:48:13:585,-84,9
14:48:13:944,-83,8
14:48:14:297,-85,7
14:48:14:641,-90,6
14:48:14:985,-85,7
14:48:15:344,-90,6
14:48:15:688,-89,7
14:48:16:047,-86,7
14:48:16:391,-92,4
14:48:16:750,-89,7
14:48:17:094,-94,3
14:48:17:438,-87,9
14:48:17:797,-87,8
14:48:18:141,-86,7
14:48:18:500,-84,7
14:48:18:844,-85,7
14:48:19:188,-93,4
14:48:19:547,-88,7
14:48:19:891,-90,6
14:48:20:250,-85,7
14:48:20:594,-83,7
14:48:20:938,-84,9
14:48:21:297,-89,7
14:48:21:641,-83,8
14:48:22:000,-87,8
14:48:22:344,-87,8
14:48:22:703,-88,8
14:48:23:052,-81,10
14:48:23:393,-87,8
14:48:23:752,-81,8
14:48:24:102,-83,7
14:48:24:445,-84,9
14:48:24:805,-84,8
14:48:25:148,-90,6
14:48:25:492,-93,5
14:48:25:851,-87,8
14:48:26:195,-91,5
14:48:26:555,-89,6
14:48:26:898,-88,7
14:48:27:242,-88,8
14:48:27:601,-87,8
14:48:27:945,-86,7
14:48:28:305,-85,7
14:48:28:648,-88,8
14:48:28:992,-86,8
14:48:29:351,-91,4
14:48:29:695,-93,4
14:48:30:054,-88,8
14:48:30:398,-90,6
14:48:30:758,-92,6
14:48:31:101,-90,7
14:48:31:452,-93,4
14:48:31:796,-88,8
14:48:32:159,-94,2
14:48:32:846,-94,3
14:48:33:199,-91,6
14:48:33:559,-90,6
14:48:33:903,-92,5
14:48:34:256,-92,5
14:48:34:599,-97,0
14:48:35:301,-94,4
14:48:35:660,-94,3
14:48:36:004,-98,-4
14:48:36:348,-97,-1
14:48:36:706,-99,-5
14:48:37:049,-95,4
14:48:37:409,-89,6
14:48:37:752,-93,5
14:48:38:112,-100,-10
14:48:38:799,-98,0
14:48:39:159,-98,-3
14:48:39:502,-95,3
14:48:40:549,-97,1
14:48:40:909,-91,5
14:48:41:252,-91,5
14:48:41:612,-96,0
14:48:41:955,-100,-11
14:48:42:315,-97,0
14:48:42:658,-93,5
14:48:43:002,-96,0
14:48:43:362,-96,0
14:48:43:705,-90,6
14:48:44:058,-93,5
14:48:44:402,-91,5
14:48:44:761,-87,7
14:48:45:101,-89,6
14:48:45:461,-88,8
14:48:45:805,-89,7
14:48:46:164,-93,5
14:48:46:508,-88,8
14:48:46:867,-88,7
14:48:47:211,-89,7
14:48:47:554,-98,-1
14:48:47:914,-92,4
14:48:48:258,-90,6
14:48:48:617,-87,9
14:48:48:961,-87,8
14:48:49:304,-89,7
14:48:49:664,-90,6
14:48:50:007,-88,7
14:48:50:367,-92,4
14:48:50:711,-94,5
14:48:51:070,-93,3
14:48:51:414,-93,4
14:48:51:757,-91,6
14:48:52:117,-89,7
14:48:52:820,-89,6
14:48:53:164,-95,3
14:48:53:507,-93,5
14:48:53:867,-95,4
14:48:54:210,-94,3
14:48:54:570,-91,5
14:48:54:914,-92,5
14:48:55:257,-97,1
14:48:55:617,-89,7
14:48:55:960,-94,4
14:48:56:312,-94,2
14:48:56:672,-87,9
14:48:57:016,-88,8
14:48:57:359,-90,6
14:48:57:719,-89,7
14:48:58:062,-91,5
14:48:58:422,-92,4
14:48:58:766,-90,6
14:48:59:109,-88,8
14:48:59:469,-86,7
14:48:59:812,-89,6
14:49:00:172,-91,5
14:49:00:515,-86,7
14:49:00:875,-85,7
14:49:01:219,-83,9
14:49:01:562,-85,8
14:49:01:922,-88,8
14:49:02:265,-87,9
14:49:02:625,-88,7
14:49:02:968,-90,5
14:49:03:312,-85,8
14:49:03:672,-90,7
14:49:04:015,-92,5
14:49:04:375,-85,7
14:49:04:718,-89,6
14:49:05:078,-93,4
14:49:05:422,-92,5
14:49:05:765,-88,8
14:49:06:125,-94,4
14:49:06:468,-96,1
14:49:06:828,-93,5
14:49:07:171,-95,2
14:49:07:515,-96,1
14:49:07:875,-89,7
14:49:08:218,-94,4
14:49:08:578,-92,5
14:49:08:921,-86,7
14:49:09:265,-95,3
14:49:09:624,-96,2
14:49:09:968,-98,0
14:49:10:328,-98,-1
14:49:10:671,-98,0
14:49:11:374,-98,-7
14:49:11:718,-98,-3
14:49:12:078,-95,1
14:49:12:421,-90,6
14:49:12:781,-88,8
14:49:13:124,-97,0
14:49:13:468,-99,-3
14:49:14:171,-100,-6
14:49:14:531,-100,-5
14:49:14:874,-99,-9
14:49:15:234,-99,-10
14:49:15:577,-98,-4
14:49:16:281,-99,-6
14:49:16:624,-97,0
14:49:16:984,-100,-4
14:49:17:322,-97,-1
14:49:17:681,-96,1
14:49:18:025,-96,0
14:49:18:384,-94,4
14:49:18:728,-98,0
14:49:19:072,-96,1
14:49:19:431,-91,5
14:49:20:134,-98,-1
14:49:20:478,-93,6
14:49:20:822,-98,-3
14:49:21:186,-97,0
14:49:21:529,-94,3
14:49:21:873,-97,1
14:49:22:233,-93,5
14:49:22:576,-91,5
14:49:22:936,-93,5
14:49:23:279,-96,1
14:49:23:623,-99,-3
14:49:23:982,-96,0
14:49:24:326,-98,0
14:49:24:686,-94,3
14:49:25:029,-98,-3
14:49:25:389,-93,4
14:49:25:732,-93,4
14:49:26:076,-92,5
14:49:26:436,-99,-2
14:49:26:779,-100,-9
14:49:27:139,-99,-3
14:49:27:482,-97,0
14:49:27:826,-97,1
14:49:28:179,-97,1
14:49:28:539,-93,4
14:49:28:882,-90,5
14:49:29:242,-91,4
14:49:29:585,-92,5
14:49:29:929,-91,5
14:49:30:289,-97,1
14:49:30:632,-95,1
14:49:30:992,-97,1
14:49:31:335,-94,3
14:49:31:679,-99,-2
14:49:32:039,-97,-1
14:49:32:382,-98,0
14:49:32:742,-97,0
14:49:33:085,-97,0
14:49:33:429,-95,2
14:49:33:788,-95,2
14:49:34:132,-96,0
14:49:34:492,-99,-1
14:49:34:835,-95,2
14:49:35:195,-98,-1
14:49:35:538,-99,-4
14:49:35:882,-97,-1
14:49:36:241,-96,0
14:49:36:585,-100,-3
14:49:36:945,-101,-11
14:49:37:288,-99,-3
14:49:37:632,-98,-3
14:49:37:991,-97,0
14:49:38:335,-96,0
14:49:38:695,-99,-3
14:49:39:036,-93,4
14:49:39:395,-96,1
14:49:39:739,-99,-1
14:49:40:082,-98,0
14:49:40:442,-98,-3
14:49:40:786,-100,-10
14:49:41:145,-99,0
14:49:42:192,-100,-3
14:49:42:535,-100,-5
14:49:43:239,-98,-3
14:49:44:645,-99,-4
14:49:44:988,-98,-3
14:49:45:348,-99,-3
14:49:46:395,-99,0
14:49:46:738,-99,-7
14:49:47:098,-100,-11
14:49:47:442,-100,-11
14:49:47:801,-100,-5
14:49:48:488,-99,-9
14:49:48:848,-98,-4
14:49:49:191,-100,-5
14:49:49:551,-98,0
14:49:49:895,-98,-3
14:49:50:246,-100,-5
14:49:50:589,-100,-6
14:49:50:949,-98,-6
14:49:51:996,-99,-9
14:49:52:339,-99,-7
14:49:53:042,-101,-8
14:49:53:402,-99,0
14:49:53:745,-97,1
14:49:54:105,-96,3
14:49:54:449,-93,3
14:49:54:792,-98,-1
14:49:55:152,-97,0
14:49:55:495,-96,2
14:49:55:855,-96,-1
14:49:56:198,-99,-3
14:49:56:542,-100,-6
14:49:56:902,-99,-3
14:49:57:245,-98,0
14:49:57:605,-100,-11
14:49:57:948,-101,-12
14:49:58:292,-100,-11
14:49:58:652,-100,-5
14:49:59:355,-99,-5
14:49:59:698,-99,-7
14:50:00:395,-100,-6
14:50:01:457,-100,-4
14:50:01:801,-99,-12
14:50:02:504,-98,-3
14:50:02:848,-99,0
14:50:03:207,-99,-7
14:50:03:551,-100,-6
14:50:03:910,-99,-9
14:50:04:254,-99,-11
14:50:04:957,-99,-1
14:50:05:301,-101,-9
14:50:05:660,-99,-9
14:50:06:004,-100,-10
14:50:06:348,-98,0
14:50:06:707,-100,-3
14:50:07:051,-99,-1
14:50:07:410,-96,2
14:50:07:754,-97,0
14:50:08:113,-96,0
14:50:08:457,-97,0
14:50:08:801,-99,-12
14:50:10:207,-98,-3
14:50:10:551,-97,-1
14:50:10:910,-98,-3
14:50:11:263,-97,1
14:50:12:310,-98,0
14:50:13:357,-100,-11
14:50:13:701,-99,-4
14:50:14:060,-98,-3
14:50:14:763,-100,-13
14:50:15:107,-99,-8
14:50:15:466,-100,-13
14:50:15:810,-101,-14
14:50:16:857,-100,-6
14:50:17:216,-100,-4
14:50:18:607,-101,-10
14:50:18:966,-98,0
14:50:19:310,-100,-6
14:50:20:013,-100,-6
14:50:20:357,-101,-9
14:50:20:716,-99,-6
14:50:21:413,-101,-12
14:50:21:757,-97,0
14:50:22:116,-99,-7
14:50:22:460,-99,-4
14:50:22:819,-99,-6
14:50:23:507,-100,-7
14:50:23:866,-99,-5
14:50:24:210,-98,-4
14:50:24:913,-99,-7
14:50:25:272,-101,-13
14:50:25:616,-101,-7
14:50:25:960,-99,-7
14:50:26:319,-100,-6
14:50:26:663,-100,-8
14:50:27:022,-100,-5
14:50:27:366,-99,-12
14:50:28:069,-100,-17
14:50:28:413,-99,0
14:50:28:772,-99,-11
14:50:30:163,-98,-3
14:50:30:522,-99,-9
14:50:31:225,-98,-5
14:50:31:569,-99,-6
14:50:32:616,-100,-15
14:50:33:319,-100,-9
14:50:33:663,-99,-10
14:50:34:366,-99,-10
14:50:35:428,-100,-5
14:50:35:772,-99,-3
14:50:36:814,-99,-12
14:50:38:580,-101,-12
14:50:39:626,-99,-8
14:50:39:970,-99,-8
14:50:40:330,-100,-9
14:50:41:017,-99,-5
14:50:41:374,-100,-9
14:50:41:718,-99,-3
14:50:42:430,-99,-5
14:50:43:477,-101,-13
14:50:44:180,-99,-13
14:50:44:524,-99,-4
14:50:44:883,-99,-11
14:50:45:227,-99,-5
14:50:45:930,-100,-7
14:50:46:633,-101,-12
14:50:46:977,-99,-6
14:50:47:321,-101,-10
14:50:47:680,-101,-9
14:50:48:024,-101,-8
14:50:48:383,-100,-13
14:50:49:071,-99,-7
14:50:49:430,-100,-6
14:50:49:774,-100,-3
14:50:50:133,-99,-7
14:50:50:477,-100,-7
14:50:50:836,-100,-5
14:50:51:524,-99,-5
14:50:51:883,-98,-4
14:50:52:227,-100,-6
14:50:52:586,-101,-8
14:50:52:930,-99,-10
14:50:53:627,-100,-11
14:50:53:986,-100,-5
14:50:54:689,-100,-13
14:50:55:377,-100,-6
14:50:56:080,-99,-9
14:50:57:137,-99,-15
14:50:57:481,-99,-8
14:50:57:828,-101,-8
14:50:58:187,-101,-8
14:50:58:537,-100,-5
14:50:58:880,-101,-9
14:50:59:239,-99,-6
14:50:59:583,-101,-8
14:50:59:942,-101,-7
14:51:01:334,-99,-1
14:51:01:693,-100,-6
14:51:02:037,-99,-6
14:51:03:087,-100,-5
14:51:03:431,-99,-12
14:51:04:140,-100,-3
14:51:04:484,-99,-10
14:51:04:843,-100,-10
14:51:05:190,-101,-12
14:51:05:533,-100,-6
14:51:05:895,-99,-4
14:51:06:242,-101,-9
14:51:06:586,-100,-2
14:51:06:945,-100,-5
14:51:07:289,-98,0
14:51:07:633,-99,0
14:51:07:992,-98,-4
14:51:08:341,-99,-4
14:51:08:685,-98,-1
14:51:09:043,-99,-5
14:51:09:386,-99,-14
14:51:10:094,-101,-7
14:51:10:440,-99,-5
14:51:10:784,-100,-8
14:51:11:143,-99,-7
14:51:11:487,-99,-3
14:51:11:846,-99,-6
14:51:12:891,-100,-10
14:51:13:249,-99,-9
14:51:13:939,-101,-9
14:51:14:298,-99,-8
14:51:14:989,-100,-12
14:51:15:344,-99,-7
14:51:15:694,-100,-10
14:51:16:038,-100,-9
14:51:16:397,-100,-8
14:51:16:741,-99,-6
14:51:17:100,-99,-7
14:51:17:444,-100,-6
14:51:18:146,-101,-11
14:51:18:490,-100,-4
14:51:18:841,-101,-12
14:51:19:188,-100,-5
14:51:19:897,-99,-11
14:51:20:241,-100,-5
14:51:20:600,-99,-7
14:51:20:944,-101,-7
14:51:21:303,-100,-5
14:51:21:647,-99,-1
14:51:21:991,-97,-2
14:51:22:350,-98,-2
14:51:22:694,-99,-9
14:51:23:053,-98,-2
14:51:23:397,-99,-1
14:51:23:740,-99,-4
14:51:24:100,-100,-8
14:51:24:444,-99,-4
14:51:24:803,-99,-5
14:51:25:147,-99,-8
14:51:25:506,-100,-3
14:51:25:850,-101,-8
14:51:26:203,-100,-8
14:51:26:547,-99,-5
14:51:26:906,-99,-5
14:51:27:250,-100,-9
14:51:27:601,-99,-7
14:51:28:304,-101,-10
14:51:29:007,-100,-12
14:51:30:396,-101,-9
14:51:30:758,-99,-11
14:51:31:101,-99,-8
14:51:31:460,-101,-9
14:51:31:804,-101,-7
14:51:32:148,-100,-6
14:51:32:507,-100,-5
14:51:33:210,-100,-5
14:51:33:554,-99,-5
14:51:34:960,-100,-7
14:51:35:304,-101,-12
14:51:35:647,-99,-5
14:51:36:007,-100,-14
14:51:36:351,-99,-3
14:51:36:710,-98,0
14:51:37:063,-98,-1
14:51:37:407,-100,-3
14:51:37:750,-99,-3
14:51:38:110,-100,-3
14:51:38:454,-101,-11
14:51:38:813,-101,-8
14:51:39:157,-100,-14
14:51:39:500,-101,-9
14:51:39:860,-99,-9
14:51:40:203,-101,-12
14:51:40:563,-101,-10
14:51:40:907,-101,-9
14:51:41:613,-99,-8
14:51:41:956,-101,-15
14:51:42:316,-100,-11
14:51:42:659,-100,-8
14:51:43:362,-101,-9
14:51:43:706,-100,-7
14:51:44:066,-99,-9
14:51:44:409,-101,-9
14:51:45:816,-101,-7
14:51:46:159,-100,-5
14:51:46:503,-101,-10
14:51:46:862,-99,-10
14:51:47:206,-100,-15
14:51:47:565,-100,-12
14:51:48:261,-100,-12
14:51:48:605,-100,-12
14:51:49:308,-101,-10
14:51:50:011,-100,-6
14:51:50:714,-100,-12
14:51:51:058,-101,-10
14:51:51:761,-101,-12
14:51:52:808,-101,-10
14:51:53:168,-101,-10
14:51:53:511,-101,-8
14:51:53:871,-100,-12
14:51:54:558,-101,-11
14:51:54:917,-101,-10
14:51:55:261,-101,-7
14:51:55:621,-101,-9
14:51:55:964,-99,-8
14:51:56:324,-99,-7
14:51:56:667,-99,-11
14:51:57:011,-99,-7
14:51:57:370,-100,-6
14:51:57:714,-100,-12
14:51:58:074,-99,-6
14:51:58:417,-99,-11
14:51:58:761,-99,-2
14:51:59:114,-100,-5
14:51:59:474,-98,0
14:51:59:817,-96,1
14:52:00:161,-96,1
14:52:00:521,-99,-1
14:52:00:876,-96,0
14:52:01:220,-95,2
14:52:01:563,-96,2
14:52:01:914,-95,1
14:52:02:273,-97,0
14:52:02:617,-98,-2
14:52:02:977,-98,-2
14:52:03:319,-98,-3
14:52:03:674,-98,0
14:52:04:017,-98,-2
14:52:04:720,-100,-4
14:52:05:064,-98,-3
14:52:05:414,-99,-12
14:52:06:121,-100,-4
14:52:06:465,-99,-6
14:52:06:824,-99,-3
14:52:07:171,-100,-6
14:52:07:874,-100,-2
14:52:08:218,-100,-6
14:52:08:577,-100,-7
14:52:08:921,-99,-7
14:52:09:281,-99,-9
14:52:09:624,-99,-4
14:52:09:968,-98,-5
14:52:10:321,-99,-12
14:52:10:667,-99,-5
14:52:11:027,-98,-5
14:52:11:374,-99,-2
14:52:11:720,-98,-3
14:52:12:083,-101,-10
14:52:12:419,-100,-5
14:52:12:782,-99,-4
14:52:13:470,-99,-6
14:52:13:833,-99,-8
14:52:14:177,-99,-8
14:52:14:520,-101,-9
14:52:14:880,-100,-15
14:52:15:223,-100,-4
14:52:15:583,-100,-6
14:52:15:921,-100,-8
14:52:16:280,-100,-9
14:52:16:624,-101,-7
14:52:16:974,-100,-11
14:52:17:324,-100,-6
14:52:18:027,-100,-7
14:52:18:386,-101,-7
14:52:18:730,-99,-4
14:52:19:074,-100,-3
14:52:19:777,-99,-9
14:52:20:136,-99,-4
14:52:20:480,-98,-3
14:52:20:824,-100,-5
14:52:21:180,-100,-8
14:52:21:528,-98,-2
14:52:21:887,-99,-2
14:52:22:231,-98,0
14:52:22:575,-99,-5
14:52:22:934,-98,-4
14:52:23:278,-100,-5
14:52:23:637,-99,-4
14:52:23:990,-100,-3
14:52:24:325,-99,-3
14:52:24:684,-99,-5
14:52:25:028,-100,-3
14:52:25:387,-98,0
14:52:25:731,-100,-16
14:52:26:434,-99,-6
14:52:26:778,-99,-8
14:52:27:137,-99,-8
14:52:27:840,-99,-11
14:52:28:188,-99,-6
14:52:28:532,-101,-9
14:52:29:235,-99,-6
14:52:29:579,-99,-5
14:52:29:938,-101,-7
14:52:30:282,-97,-1
14:52:30:641,-99,-1
14:52:30:985,-100,-5
14:52:31:329,-99,-7
14:52:31:688,-99,-4
14:52:32:041,-99,-9
14:52:32:392,-100,-14
14:52:32:742,-99,-2
14:52:33:094,-98,-2
14:52:33:444,-100,-5
14:52:33:794,-99,-6
14:52:34:135,-97,0
14:52:34:494,-99,-4
14:52:34:838,-100,-7
14:52:35:541,-99,-13
14:52:35:885,-98,0
14:52:36:244,-99,-2
14:52:36:588,-100,-4
14:52:36:932,-98,-1
14:52:37:291,-99,-3
14:52:37:635,-99,-9
14:52:37:994,-100,-6
14:52:38:338,-101,-7
14:52:38:697,-100,-4
14:52:39:041,-99,-7
14:52:39:385,-100,-12
14:52:39:744,-100,-15
14:52:40:088,-99,-6
14:52:40:447,-100,-14
14:52:40:791,-101,-6
14:52:41:494,-100,-4
14:52:41:838,-97,0
14:52:42:197,-98,-1
14:52:42:541,-98,-2
14:52:42:900,-97,0
14:52:43:238,-98,-2
14:52:43:598,-100,-13
14:52:43:941,-99,-10
14:52:44:301,-99,-7
14:52:44:644,-101,-7
14:52:45:347,-100,-3
14:52:45:691,-98,-4
14:52:46:051,-100,-12
14:52:46:738,-101,-10
14:52:47:097,-101,-9
14:52:47:801,-99,-6
14:52:48:488,-99,-6
14:52:48:847,-99,-11
14:52:49:191,-100,-6
14:52:49:550,-99,-6
14:52:49:894,-98,-4
14:52:50:254,-101,-8
14:52:50:597,-100,-3
14:52:50:941,-100,-7
14:52:51:300,-99,-7
14:52:51:644,-101,-12
14:52:52:003,-99,-5
14:52:52:347,-101,-17
14:52:52:691,-101,-6
14:52:53:050,-98,-3
14:52:53:394,-100,-11
14:52:53:753,-101,-9
14:52:54:097,-99,-1
14:52:54:441,-99,-3
14:52:54:800,-99,-5
14:52:55:144,-98,0
14:52:55:503,-97,1
14:52:55:847,-98,-3
14:52:56:206,-99,-3
14:52:56:550,-97,-1
14:52:56:894,-98,-3
14:52:57:253,-100,-5
14:52:57:597,-99,-8
14:52:57:956,-96,1
14:52:58:300,-99,-2
14:52:58:644,-101,-10
14:52:59:003,-97,0
14:52:59:706,-99,-3
14:53:00:050,-100,-10
14:53:00:409,-98,0
14:53:00:753,-97,2
14:53:01:097,-99,0
14:53:01:456,-99,-1
14:53:01:800,-99,0
14:53:02:159,-98,-2
14:53:02:503,-98,-2
14:53:02:847,-99,-1
14:53:03:206,-97,1
14:53:03:550,-99,0
14:53:03:909,-96,1
14:53:04:597,-98,0
14:53:04:956,-98,-2
14:53:05:300,-99,-2
14:53:05:659,-96,0
14:53:06:003,-99,-4
14:53:06:362,-97,0
14:53:06:706,-97,0
14:53:07:050,-96,2
14:53:07:409,-98,0
14:53:07:753,-97,1
14:53:08:112,-97,-1
14:53:08:456,-97,1
14:53:08:800,-97,-1
14:53:09:159,-97,-1
14:53:09:503,-97,-1
14:53:09:862,-97,0
14:53:10:206,-99,-1
14:53:10:565,-96,1
14:53:10:909,-98,0
14:53:11:253,-95,2
14:53:11:612,-95,1
14:53:11:956,-99,-1
14:53:12:315,-95,2
14:53:12:659,-95,3
14:53:13:003,-100,-6
14:53:13:362,-95,3
14:53:13:706,-95,3
14:53:14:065,-99,-6
14:53:14:409,-99,-6
14:53:14:753,-97,1
14:53:15:112,-96,1
14:53:15:456,-100,-5
14:53:15:815,-100,-3
14:53:16:168,-100,-7
14:53:16:512,-100,-16
14:53:16:856,-99,-1
14:53:17:215,-97,0
14:53:17:559,-98,-3
14:53:17:918,-98,-3
14:53:18:262,-99,-2
14:53:18:606,-94,4
14:53:18:965,-95,3
14:53:19:309,-94,3
14:53:19:668,-96,0
14:53:20:012,-99,-5
14:53:20:356,-100,-5
14:53:20:715,-99,-3
14:53:21:059,-96,2
14:53:21:418,-97,1
14:53:21:762,-97,1
14:53:22:121,-96,0
14:53:22:465,-95,1
14:53:22:809,-98,0
14:53:23:167,-99,-8
14:53:23:872,-98,0
14:53:24:216,-96,0
14:53:24:559,-98,0
14:53:24:919,-97,-2
14:53:25:263,-98,0
14:53:25:622,-98,-2
14:53:25:966,-95,1
14:53:26:319,-98,-2
14:53:26:663,-97,0
14:53:27:022,-96,2
14:53:27:366,-99,0
14:53:27:725,-95,3
14:53:28:069,-93,4
14:53:28:413,-96,0
14:53:28:772,-96,1
14:53:29:116,-95,2
14:53:29:475,-95,3
14:53:29:819,-94,4
14:53:30:162,-97,-1
14:53:30:522,-96,1
14:53:30:866,-96,1
14:53:31:225,-98,0
14:53:31:574,-95,2
14:53:31:918,-96,2
14:53:32:277,-95,2
14:53:32:621,-97,0
14:53:32:965,-96,0
14:53:33:318,-95,2
14:53:33:677,-97,-1
14:53:34:021,-94,2
14:53:34:365,-96,0
14:53:34:724,-100,-3
14:53:35:071,-97,-1
14:53:35:415,-96,2
14:53:35:774,-96,0
14:53:36:118,-98,-3
14:53:36:478,-97,0
14:53:37:175,-97,1
14:53:37:518,-99,-1
14:53:37:878,-94,4
14:53:38:221,-97,1
14:53:38:581,-97,0
14:53:38:925,-95,4
14:53:39:268,-94,3
14:53:39:628,-94,3
14:53:39:971,-94,4
14:53:40:331,-94,3
14:53:40:674,-95,3
14:53:41:018,-95,2
14:53:41:378,-95,2
14:53:41:721,-96,1
14:53:42:081,-96,1
14:53:42:424,-94,4
14:53:42:768,-99,-2
14:53:43:128,-95,1
14:53:43:471,-95,3
14:53:43:831,-95,2
14:53:44:174,-97,0
14:53:44:534,-101,-12
14:53:44:877,-94,2
14:53:45:221,-96,2
14:53:45:581,-97,0
14:53:45:924,-94,4
14:53:46:284,-96,2
14:53:46:627,-99,0
14:53:46:971,-94,2
14:53:47:325,-97,1
14:53:47:684,-98,-3
14:53:48:028,-94,4
14:53:48:371,-93,6
14:53:48:731,-98,-2
14:53:49:075,-93,6
14:53:49:434,-95,2
14:53:49:778,-98,-1
14:53:50:137,-93,4
14:53:50:481,-94,4
14:53:50:824,-97,0
14:53:51:184,-94,4
14:53:51:528,-96,2
14:53:51:887,-93,5
14:53:52:231,-94,3
14:53:52:574,-96,2
14:53:52:934,-95,2
14:53:53:277,-96,0
14:53:53:637,-94,5
14:53:53:981,-99,-3
14:53:54:340,-97,0
14:53:54:684,-96,2
14:53:55:027,-99,-7
14:53:55:387,-101,-6
14:53:55:731,-100,-5
14:53:56:090,-97,0
14:53:56:434,-95,3
14:53:56:777,-97,-1
14:53:57:137,-97,-1
14:53:57:480,-100,-9
14:53:57:840,-96,0
14:53:58:184,-96,2
14:53:58:527,-98,-2
14:53:58:887,-93,4
14:53:59:230,-100,-5
14:53:59:590,-96,2
14:53:59:933,-98,0
14:54:00:293,-98,0
14:54:00:637,-99,-1
14:54:00:980,-96,0
14:54:01:340,-98,-2
14:54:01:683,-97,0
14:54:02:043,-98,1
14:54:02:387,-96,3
14:54:02:730,-99,-6
14:54:03:090,-95,1
14:54:03:433,-97,1
14:54:03:793,-98,0
14:54:04:136,-96,1
14:54:04:496,-97,0
14:54:04:840,-96,2
14:54:05:183,-95,3
14:54:05:543,-97,1
14:54:05:886,-98,0
14:54:06:246,-98,0
14:54:06:590,-96,2
14:54:06:933,-96,0
14:54:07:293,-96,0
14:54:07:636,-95,1
14:54:07:996,-97,1
14:54:08:339,-98,-5
14:54:08:683,-96,1
14:54:09:036,-97,1
14:54:09:396,-98,-1
14:54:09:739,-98,0
14:54:10:099,-99,-2
14:54:10:443,-101,-9
14:54:10:786,-98,-3
14:54:11:146,-96,1
14:54:11:489,-99,-2
14:54:11:849,-96,0
14:54:12:193,-94,4
14:54:12:536,-99,-10
14:54:12:896,-98,-3
14:54:13:239,-94,4
14:54:13:599,-98,0
14:54:13:942,-95,2
14:54:14:286,-94,4
14:54:14:646,-99,-1
14:54:14:989,-97,0
14:54:15:349,-96,2
14:54:15:692,-97,1
14:54:16:052,-99,-2
14:54:16:396,-98,0
14:54:16:739,-99,-6
14:54:17:099,-99,-8
14:54:17:442,-100,-7
14:54:17:802,-99,-7
14:54:18:145,-98,-2
14:54:18:489,-99,-9
14:54:18:849,-101,-7
14:54:19:192,-100,-12
14:54:19:552,-100,-15
14:54:19:895,-101,-8
14:54:20:248,-99,-5
14:54:20:592,-98,-1
14:54:20:952,-99,-1
14:54:21:295,-98,-3
14:54:21:655,-97,-1
14:54:21:998,-98,-2
14:54:22:342,-96,2
14:54:22:701,-98,-1
14:54:23:045,-99,-4
14:54:23:405,-100,-4
14:54:23:748,-98,0
14:54:24:092,-95,1
14:54:24:451,-100,-3
14:54:24:795,-95,3
14:54:25:154,-95,3
14:54:25:858,-98,-2
14:54:26:201,-96,2
14:54:26:545,-99,-6
14:54:26:904,-100,-3
14:54:27:248,-98,0
14:54:27:608,-101,-7
14:54:27:951,-101,-11
14:54:28:295,-99,-6
14:54:28:654,-98,-4
14:54:29:357,-97,1
14:54:29:701,-97,0
14:54:30:045,-101,-11
14:54:30:404,-100,-3
14:54:30:748,-99,-3
14:54:31:107,-99,-7
14:54:31:451,-98,-3
14:54:31:811,-99,-11
14:54:32:154,-99,-5
14:54:32:498,-98,-4
14:54:32:857,-96,1
14:54:33:201,-97,1
14:54:33:560,-99,-5
14:54:33:904,-99,-8
14:54:34:248,-99,-9
14:54:34:607,-99,-7
14:54:34:951,-100,-12
14:54:35:310,-100,-2
14:54:35:654,-101,-6
14:54:36:013,-99,-3
14:54:36:357,-99,-2
14:54:36:701,-101,-8
14:54:37:060,-100,-11
14:54:37:404,-98,-3
14:54:37:763,-97,1
14:54:38:107,-100,-6
14:54:38:451,-98,-3
14:54:38:810,-101,-9
14:54:39:154,-100,-5
14:54:39:513,-99,-4
14:54:39:857,-101,-7
14:54:40:201,-100,-7
14:54:40:560,-100,-4
14:54:40:904,-99,-11
14:54:41:257,-99,-4
14:54:41:616,-98,-2
14:54:41:960,-101,-9
14:54:42:304,-100,-10
14:54:42:663,-99,-6
14:54:43:007,-99,-6
14:54:43:366,-98,0
14:54:44:054,-96,0
14:54:44:413,-97,0
14:54:44:757,-99,-3
14:54:45:116,-100,-4
14:54:45:460,-98,-2
14:54:45:804,-99,-2
14:54:46:507,-101,-13
14:54:46:866,-98,0
14:54:47:210,-97,-1
14:54:47:913,-97,-2
14:54:48:257,-100,-2
14:54:48:616,-100,-5
14:54:48:960,-100,-8
14:54:49:319,-98,-2
14:54:49:663,-97,1
14:54:50:007,-97,1
14:54:50:366,-95,3
14:54:50:710,-94,4
14:54:51:069,-94,3
14:54:51:413,-97,1
14:54:51:772,-96,0
14:54:52:110,-97,-1
14:54:52:469,-96,0
14:54:52:813,-96,0
14:54:53:172,-98,-4
14:54:53:516,-98,-3
14:54:53:860,-97,1
14:54:54:219,-98,0
14:54:54:563,-98,-5
14:54:54:922,-98,0
14:54:55:266,-97,0
14:54:55:610,-99,-1
14:54:55:969,-97,0
14:54:56:313,-97,0
14:54:56:672,-99,0
14:54:57:016,-98,0
14:54:57:375,-95,3
14:54:57:719,-96,2
14:54:58:063,-101,-8
14:54:58:422,-96,2
14:54:58:766,-98,-3
14:54:59:125,-98,-2
14:54:59:469,-97,0
14:54:59:813,-100,-3
14:55:00:172,-99,-6
14:55:00:516,-98,-2
14:55:00:875,-99,-1
14:55:01:219,-96,0
14:55:01:563,-99,-5
14:55:01:922,-99,-3
14:55:02:278,-96,1
14:55:02:622,-98,-2
14:55:02:966,-97,-1
14:55:03:325,-96,1
14:55:03:669,-98,0
14:55:04:028,-101,-11
14:55:04:372,-98,-1
14:55:04:716,-99,-6
14:55:05:075,-100,-11
14:55:05:419,-98,0
14:55:05:778,-99,-1
14:55:06:122,-99,-9
14:55:06:466,-98,-2
14:55:06:825,-99,-2
14:55:07:169,-98,-2
14:55:07:528,-97,-1
14:55:07:872,-100,-3
14:55:08:231,-97,1
14:55:08:575,-97,0
14:55:08:919,-97,1
14:55:09:278,-95,1
14:55:09:622,-96,1
14:55:09:981,-95,2
14:55:10:325,-93,5
14:55:10:669,-95,2
14:55:11:028,-94,2
14:55:11:372,-96,0
14:55:11:731,-96,0
14:55:12:075,-95,2
14:55:12:434,-96,0
14:55:12:778,-99,-2
14:55:13:132,-96,0
14:55:13:475,-96,0
14:55:13:835,-100,-4
14:55:14:178,-99,-2
14:55:14:522,-100,-5
14:55:14:881,-96,3
14:55:15:225,-99,-3
14:55:15:585,-98,-4
14:55:15:928,-99,-6
14:55:16:272,-99,-4
14:55:16:631,-96,0
14:55:16:975,-99,-9
14:55:17:335,-99,-4
14:55:17:678,-98,-4
14:55:18:038,-100,-11
14:55:18:381,-100,-6
14:55:18:725,-98,0
14:55:19:084,-97,0
14:55:19:428,-96,0
14:55:19:788,-99,0
14:55:20:131,-96,0
14:55:20:475,-96,0
14:55:20:834,-99,-1
14:55:21:178,-98,-2
14:55:21:537,-98,-2
14:55:21:881,-97,0
14:55:22:225,-98,-3
14:55:22:584,-99,-2
14:55:22:928,-98,0
14:55:23:287,-97,0
14:55:23:631,-99,-3
14:55:23:990,-97,0
14:55:24:329,-99,-7
14:55:25:032,-99,-9
14:55:25:391,-101,-11
14:55:25:735,-100,-13
14:55:26:079,-100,-4
14:55:26:782,-99,-3
14:55:27:141,-99,-6
14:55:27:485,-98,-4
14:55:27:829,-100,-6
14:55:28:188,-100,-4
14:55:28:532,-100,-14
14:55:28:891,-99,-5
14:55:29:235,-98,0
14:55:29:594,-99,-2
14:55:29:938,-99,-12
14:55:30:282,-98,0
14:55:30:641,-98,-3
14:55:30:985,-99,-11
14:55:31:344,-100,-3
14:55:31:688,-100,-4
14:55:32:735,-100,-6
14:55:33:782,-101,-10
14:55:34:135,-100,-11
14:55:34:494,-100,-10
14:55:34:838,-99,-1
14:55:35:197,-100,-12
14:55:35:541,-99,-6
14:55:35:885,-98,0
14:55:36:244,-97,1
14:55:36:588,-96,0
14:55:36:947,-97,1
14:55:37:291,-99,-7
14:55:37:635,-101,-7
14:55:37:994,-100,-13
14:55:38:697,-100,-14
14:55:39:041,-99,-1
14:55:39:385,-97,-1
14:55:39:744,-99,-5
14:55:40:088,-98,-3
14:55:40:791,-98,-4
14:55:41:150,-99,-1
14:55:41:494,-97,1
14:55:41:838,-98,0
14:55:42:197,-97,0
14:55:42:541,-97,0
14:55:42:900,-100,-3
14:55:43:244,-97,0
14:55:43:588,-94,5
14:55:43:947,-94,3
14:55:44:291,-96,2
14:55:44:650,-96,0
14:55:44:994,-100,-4
14:55:45:350,-99,-6
14:55:45:694,-98,-2
14:55:46:053,-97,-1
14:55:46:397,-97,1
14:55:46:741,-100,-5
14:55:47:100,-99,-1
14:55:47:444,-98,1
14:55:47:802,-100,-6
14:55:48:145,-99,-4
14:55:48:489,-99,-1
14:55:48:849,-100,-5
14:55:49:552,-101,-12
14:55:49:895,-100,-4
14:55:50:255,-98,-3
14:55:50:598,-99,-2
14:55:50:942,-97,-1
14:55:51:302,-101,-7
14:55:51:645,-101,-7
14:55:52:005,-101,-8
14:55:52:348,-101,-10
14:55:52:692,-98,-8
14:55:53:051,-100,-4
14:55:53:395,-101,-7
14:55:53:755,-99,-5
14:55:54:098,-99,-6
14:55:54:801,-99,-5
14:55:55:856,-98,-3
14:55:56:202,-100,-9
14:55:56:557,-101,-8
14:55:56:902,-100,-3
14:55:57:258,-99,-9
14:55:57:609,-99,-6
14:55:57:953,-99,-7
14:55:58:296,-100,-8
14:55:59:000,-99,-6
14:55:59:359,-100,-5
14:55:59:703,-101,-13
14:56:00:046,-99,-6
14:56:00:406,-99,-6
14:56:00:749,-101,-10
14:56:01:109,-99,-3
14:56:01:453,-98,-4
14:56:01:812,-101,-8
14:56:02:156,-100,-6
14:56:02:499,-100,-5
14:56:02:859,-100,-3
14:56:03:212,-99,-8
14:56:03:549,-99,-7
14:56:03:908,-100,-6
14:56:04:252,-99,-11
14:56:04:611,-98,-2
14:56:04:955,-99,-4
14:56:05:299,-100,-3
14:56:05:658,-98,-1
14:56:06:002,-100,-2
14:56:06:710,-98,-4
14:56:07:053,-99,-3
14:56:07:412,-99,-5
14:56:07:756,-99,-3
14:56:08:116,-101,-10
14:56:08:459,-101,-10
14:56:08:803,-100,-4
14:56:09:162,-99,-10
14:56:09:506,-101,-11
14:56:10:209,-100,-12
14:56:10:553,-99,-8
14:56:10:912,-101,-6
14:56:11:256,-99,-8
14:56:11:615,-98,-3
14:56:11:959,-98,-6
14:56:12:303,-98,-3
14:56:12:662,-100,-3
14:56:13:006,-100,-6
14:56:13:365,-98,-2
14:56:13:709,-99,-8
14:56:14:069,-101,-10
14:56:14:412,-99,-5
14:56:14:756,-101,-8
14:56:15:115,-100,-9
14:56:15:459,-99,-7
14:56:15:818,-98,-2
14:56:16:162,-99,-2
14:56:16:506,-101,-7
14:56:16:865,-100,-6
14:56:17:218,-99,-9
14:56:17:906,-101,-8
14:56:18:265,-100,-8
14:56:18:609,-100,-10
14:56:18:968,-101,-7
14:56:19:312,-100,-9
14:56:19:671,-100,-10
14:56:20:015,-100,-10
14:56:20:359,-100,-10
14:56:20:718,-101,-5
14:56:21:062,-100,-7
14:56:21:765,-100,-5
14:56:22:109,-101,-13
14:56:22:468,-101,-12
14:56:22:812,-100,-14
14:56:23:171,-101,-15
14:56:23:515,-101,-15
14:56:23:874,-101,-13
14:56:24:218,-101,-12
14:56:24:562,-100,-11
14:56:24:921,-100,-8
14:56:25:265,-101,-8
14:56:25:624,-101,-10
14:56:25:968,-101,-12
14:56:27:024,-99,-11
14:56:27:368,-99,-15
14:56:28:071,-101,-14
14:56:28:774,-101,-9
14:56:29:118,-99,-12
14:56:29:477,-99,-12
14:56:29:821,-101,-10
14:56:30:165,-101,-10
14:56:30:524,-100,-9
14:56:30:875,-100,-8
14:56:31:215,-99,-9
14:56:31:574,-100,-10
14:56:31:918,-101,-9
14:56:32:277,-100,-14
14:56:32:965,-100,-9
14:56:33:324,-101,-8
14:56:33:668,-99,-4
14:56:34:027,-100,-4
14:56:34:371,-99,-9
14:56:34:730,-100,-5
14:56:35:074,-101,-9
14:56:35:418,-101,-9
14:56:35:777,-99,-4
14:56:36:121,-98,-2
14:56:36:480,-99,0
14:56:36:824,-99,-8
14:56:37:167,-99,-1
14:56:37:527,-101,-9
14:56:37:871,-101,-11
14:56:38:224,-99,-7
14:56:38:568,-100,-7
14:56:38:927,-99,-11
14:56:39:271,-100,-12
14:56:39:630,-99,-9
14:56:39:974,-101,-12
14:56:40:333,-101,-10
14:56:40:677,-100,-4
14:56:41:021,-100,-6
14:56:41:380,-99,-8
14:56:41:724,-101,-11
14:56:42:083,-100,-15
14:56:43:833,-100,-14
14:56:44:536,-100,-16
14:56:46:286,-101,-14
14:56:52:937,-99,-16
14:56:53:281,-101,-9
14:56:53:640,-99,-9
14:56:53:984,-101,-11
14:56:54:328,-101,-7
14:56:54:687,-99,-8
14:56:55:031,-99,-7
14:56:55:390,-99,-9
14:56:56:077,-99,-8
14:56:56:437,-99,-7
14:56:56:781,-99,-9
14:56:57:140,-99,-8
14:56:57:484,-99,-8
14:56:57:843,-100,-7
14:56:58:187,-100,-7
14:56:58:531,-99,-10
14:56:58:890,-101,-8
14:56:59:243,-99,-12
14:56:59:587,-101,-12
14:56:59:931,-101,-13
14:57:00:290,-101,-13
14:57:00:634,-101,-12
14:57:00:993,-101,-11
14:57:01:337,-101,-8
14:57:01:681,-101,-10
14:57:02:040,-100,-3
14:57:02:384,-100,-11
14:57:02:743,-99,-9
14:57:03:790,-101,-10
14:57:04:134,-100,-16
14:57:07:649,-101,-16
14:57:08:696,-101,-8
14:57:09:040,-99,-10
14:57:09:399,-99,-12
14:57:09:743,-101,-12
14:57:10:097,-101,-15
14:57:10:800,-101,-13
14:57:11:847,-100,-17
14:57:12:894,-100,-15
14:57:13:237,-100,-13
14:57:13:597,-100,-15
14:57:13:940,-101,-13
14:57:15:003,-100,-15
14:57:15:347,-100,-15
14:57:15:690,-100,-16
14:57:16:050,-101,-16
14:57:16:393,-101,-15
14:57:17:800,-100,-15
14:57:18:143,-100,-17
14:57:18:503,-101,-13
14:57:18:846,-100,-14
14:57:19:190,-100,-15
14:57:19:550,-102,-14
14:57:19:893,-100,-15
14:57:20:253,-100,-16
14:57:20:596,-101,-15
14:57:22:700,-100,-16
14:57:23:043,-101,-15
14:57:23:403,-100,-14
14:57:23:746,-101,-13
14:57:24:106,-100,-11
14:57:24:450,-100,-10
14:57:24:809,-101,-8
14:57:25:153,-101,-8
14:57:25:496,-99,-7
14:57:25:856,-101,-8
14:57:26:199,-99,-12
14:57:26:559,-100,-13
14:57:26:903,-101,-9
14:57:27:246,-101,-10
14:57:27:606,-100,-11
14:57:27:949,-100,-7
14:57:28:309,-99,-11
14:57:28:653,-101,-10
14:57:28:996,-100,-6
14:57:29:356,-100,-5
14:57:29:699,-99,-7
14:57:30:059,-101,-6
14:57:30:402,-100,-5
14:57:30:762,-100,-7
14:57:31:100,-100,-9
14:57:31:459,-99,-9
14:57:31:803,-99,-8
14:57:32:162,-99,-10
14:57:32:506,-101,-12
14:57:32:849,-100,-14
14:57:33:209,-99,-12
14:57:33:553,-99,-10
14:57:33:912,-99,-10
14:57:34:256,-100,-13
14:57:34:599,-101,-16
14:57:35:302,-100,-13
14:57:36:006,-101,-10
14:57:36:349,-101,-13
14:57:36:709,-101,-12
14:57:37:052,-101,-9
14:57:37:411,-99,-10
14:57:37:755,-101,-8
14:57:38:114,-101,-10
14:57:38:458,-101,-8
14:57:38:802,-100,-7
14:57:39:161,-100,-8
14:57:39:505,-101,-7
14:57:39:864,-101,-11
14:57:40:208,-99,-12
14:57:40:567,-101,-11
14:57:40:911,-100,-13
14:57:41:255,-100,-13
14:57:41:614,-100,-16
14:57:41:958,-101,-11
14:57:42:312,-101,-12
14:57:42:655,-101,-14
14:57:43:015,-101,-13
14:57:43:358,-100,-12
14:57:43:718,-100,-14
14:57:44:062,-100,-13
14:57:44:405,-100,-14
14:57:44:765,-100,-15
14:57:45:108,-101,-11
14:57:45:468,-100,-15
14:57:45:811,-101,-11
14:57:46:171,-100,-13
14:57:46:515,-100,-10
14:57:46:858,-101,-11
14:57:47:218,-100,-13
14:57:47:561,-101,-13
14:57:48:264,-99,-11
14:57:48:608,-100,-8
14:57:48:968,-101,-10
14:57:49:311,-101,-9
14:57:49:671,-101,-9
14:57:50:014,-99,-10
14:57:50:358,-101,-11
14:57:51:061,-100,-14
14:57:51:421,-101,-11
14:57:51:764,-101,-13
14:57:52:118,-100,-13
14:57:52:461,-101,-9
14:57:52:821,-101,-10
14:57:53:164,-99,-12
14:57:53:524,-99,-11
14:57:53:868,-100,-10
14:57:54:571,-99,-9
14:57:54:914,-101,-8
14:57:55:274,-99,-8
14:57:55:617,-101,-6
14:57:55:961,-101,-8
14:57:56:321,-99,-11
14:57:56:664,-100,-10
14:57:57:024,-101,-9
14:57:57:367,-101,-9
14:57:57:727,-100,-11
14:57:58:070,-101,-8
14:57:58:414,-100,-11
14:57:58:774,-100,-8
14:57:59:117,-101,-8
14:57:59:477,-99,-10
14:57:59:820,-99,-9
14:58:00:164,-100,-13
14:58:00:524,-100,-11
14:58:00:867,-101,-10
14:58:01:226,-101,-9
14:58:01:569,-101,-8
14:58:01:929,-100,-11
14:58:02:273,-101,-9
14:58:02:616,-99,-10
14:58:02:976,-99,-10
14:58:03:330,-100,-9
14:58:03:673,-99,-10
14:58:04:017,-99,-10
14:58:04:380,-100,-11
14:58:05:066,-101,-11
14:58:05:426,-100,-9
14:58:05:770,-100,-12
14:58:06:129,-101,-9
14:58:06:473,-100,-14
14:58:06:832,-101,-15
14:58:07:176,-101,-15
14:58:07:519,-101,-14
14:58:07:879,-101,-14
14:58:08:223,-101,-12
14:58:08:582,-101,-14
14:58:08:926,-100,-15
14:58:09:269,-101,-8
14:58:09:629,-99,-9
14:58:09:973,-101,-7
14:58:10:332,-99,-7
14:58:10:676,-100,-9
14:58:11:378,-101,-6
14:58:11:721,-101,-7
14:58:12:081,-99,-10
14:58:12:425,-100,-16
14:58:12:784,-101,-13
14:58:13:132,-100,-12
14:58:13:475,-101,-14
14:58:13:835,-100,-14
14:58:14:172,-100,-12
14:58:14:532,-100,-8
14:58:14:875,-101,-10
14:58:15:235,-101,-11
14:58:15:581,-101,-11
14:58:15:925,-100,-11
14:58:16:285,-99,-8
14:58:16:628,-99,-9
14:58:16:975,-101,-7
14:58:17:338,-99,-6
14:58:17:681,-100,-5
14:58:18:025,-100,-5
14:58:18:384,-101,-7
14:58:18:728,-100,-11
14:58:19:431,-101,-7
14:58:19:782,-99,-15
14:58:20:484,-100,-14
14:58:20:831,-101,-13
14:58:21:190,-100,-5
14:58:21:534,-100,-13
14:58:21:877,-101,-11
14:58:22:237,-99,-9
14:58:22:581,-99,-10
14:58:22:940,-99,-10
14:58:23:290,-100,-14
14:58:23:633,-99,-8
14:58:23:977,-99,-10
14:58:24:339,-101,-8
14:58:24:683,-99,-10
14:58:25:036,-101,-8
14:58:25:380,-100,-12
14:58:25:739,-100,-14
14:58:26:083,-100,-15
14:58:26:442,-101,-13
14:58:26:787,-101,-13
14:58:27:137,-100,-12
14:58:27:484,-99,-8
14:58:27:843,-101,-6
14:58:28:187,-101,-8
14:58:28:531,-101,-9
14:58:28:890,-99,-7
14:58:29:234,-100,-13
14:58:29:585,-101,-13
14:58:29:944,-100,-15
14:58:30:288,-101,-9
14:58:30:631,-101,-10
14:58:30:991,-101,-14
14:58:31:334,-99,-13
14:58:31:694,-100,-10
14:58:32:042,-99,-7
14:58:32:386,-101,-7
14:58:32:743,-100,-7
14:58:33:087,-100,-11
14:58:33:446,-99,-9
14:58:33:790,-100,-10
14:58:34:134,-101,-9
14:58:34:493,-100,-12
14:58:34:837,-100,-6
14:58:35:196,-101,-5
14:58:35:540,-101,-8
14:58:35:884,-100,-8
14:58:36:237,-100,-7
14:58:36:596,-100,-6
14:58:36:940,-100,-6
14:58:37:286,-101,-10
14:58:37:645,-100,-8
14:58:37:988,-100,-11
14:58:38:347,-99,-8
14:58:38:691,-100,-5
14:58:39:035,-100,-6
14:58:39:398,-100,-6
14:58:39:741,-99,-10
14:58:40:101,-99,-10
14:58:40:444,-100,-8
14:58:40:788,-101,-7
14:58:41:148,-101,-8
14:58:41:490,-99,-9
14:58:41:850,-99,-9
14:58:42:193,-101,-7
14:58:42:537,-101,-7
14:58:42:899,-101,-7
14:58:43:243,-101,-9
14:58:43:603,-100,-5
14:58:43:949,-100,-7
14:58:44:293,-99,-9
14:58:44:652,-99,-8
14:58:44:999,-101,-6
14:58:45:343,-99,-6
14:58:45:702,-99,-8
14:58:46:051,-99,-9
14:58:46:401,-100,-10
14:58:46:744,-101,-7
14:58:47:095,-99,-8
14:58:47:455,-100,-9
14:58:47:798,-99,-10
14:58:48:142,-99,-11
14:58:48:501,-100,-12
14:58:48:845,-99,-8
14:58:49:204,-100,-5
14:58:49:548,-99,-10
14:58:49:897,-100,-10
14:58:57:967,-101,-13
14:58:58:296,-99,-11
14:58:58:655,-101,-8
14:58:58:999,-101,-8
14:58:59:358,-100,-12
14:58:59:702,-101,-8
14:59:00:750,-99,-8
14:59:01:109,-101,-8
14:59:01:453,-101,-8
14:59:01:800,-101,-11
14:59:02:159,-100,-14
14:59:02:862,-100,-13
14:59:03:209,-100,-15
14:59:03:912,-100,-14
14:59:04:255,-99,-9
14:59:04:615,-101,-12
14:59:04:959,-101,-12
14:59:27:364,-101,-17
14:59:28:067,-101,-18
