Time,Distance,RSSI,SNR
14:46:48:847,1.31,-34,8
14:46:49:190,1.48,-35,8
14:46:49:550,1.66,-38,9
14:46:49:893,1.82,-34,8
14:46:50:237,1.99,-34,8
14:46:50:597,2.17,-35,9
14:46:50:940,2.34,-36,10
14:46:51:300,2.52,-50,11
14:46:51:643,2.69,-59,8
14:46:51:987,2.85,-56,11
14:46:52:346,3.03,-53,8
14:46:52:690,3.2,-54,8
14:46:53:050,3.38,-55,9
14:46:53:393,3.55,-58,11
14:46:53:753,3.72,-66,10
14:46:54:096,3.89,-57,10
14:46:54:440,4.06,-57,9
14:46:54:800,4.24,-63,9
14:46:55:143,4.41,-67,9
14:46:55:503,4.58,-67,10
14:46:55:846,4.75,-63,10
14:46:56:190,4.92,-58,11
14:46:56:549,5.1,-62,8
14:46:56:893,5.27,-64,8
14:46:57:253,5.65,-63,9
14:46:57:596,6.1,-66,9
14:46:57:956,6.56,-61,9
14:46:58:294,7,-58,9
14:46:58:653,7.47,-57,8
14:46:58:997,7.92,-54,9
14:46:59:356,8.38,-63,8
14:46:59:700,8.83,-65,10
14:47:00:044,9.28,-69,9
14:47:00:403,9.74,-74,9
14:47:00:747,10.19,-72,9
14:47:01:106,10.66,-67,10
14:47:01:450,11.1,-74,8
14:47:01:794,11.55,-75,8
14:47:02:153,12.02,-77,9
14:47:02:497,12.46,-79,9
14:47:02:856,12.93,-79,8
14:47:03:200,13.38,-87,6
14:47:03:559,13.84,-75,9
14:47:03:903,14.29,-74,10
14:47:04:247,14.74,-73,10
14:47:04:606,15.2,-68,9
14:47:05:309,16.12,-85,7
14:47:05:653,16.56,-72,10
14:47:05:997,17.01,-77,9
14:47:06:356,17.48,-76,10
14:47:06:706,17.93,-70,8
14:47:07:049,18.38,-77,10
14:47:07:409,18.84,-74,10
14:47:07:753,19.29,-67,10
14:47:08:096,19.76,-71,9
14:47:08:456,20.3,-79,10
14:47:08:799,20.83,-76,10
14:47:09:148,21.36,-67,8
14:47:09:508,21.9,-79,9
14:47:09:851,22.42,-69,10
14:47:10:211,22.97,-72,9
14:47:10:555,23.49,-73,11
14:47:10:898,24.01,-76,8
14:47:11:258,24.56,-68,10
14:47:11:601,25.08,-73,11
14:47:11:961,25.63,-71,9
14:47:12:304,26.15,-65,9
14:47:12:664,26.7,-67,11
14:47:13:008,27.22,-66,9
14:47:13:351,27.74,-68,9
14:47:13:711,28.29,-66,11
14:47:14:054,28.81,-69,9
14:47:14:414,29.35,-69,9
14:47:14:757,29.88,-65,8
14:47:15:101,30.4,-67,10
14:47:15:461,30.94,-64,9
14:47:15:804,31.47,-70,11
14:47:16:164,32.01,-85,8
14:47:16:507,32.53,-75,10
14:47:16:851,33.06,-86,8
14:47:17:211,33.6,-72,9
14:47:17:554,34.12,-75,11
14:47:17:914,34.67,-78,10
14:47:18:257,35.13,-81,8
14:47:18:617,35.59,-76,11
14:47:18:960,36.04,-81,10
14:47:19:304,36.48,-83,9
14:47:19:664,36.94,-92,4
14:47:20:017,37.39,-85,7
14:47:20:353,37.83,-80,9
14:47:20:713,38.29,-78,11
14:47:21:062,38.74,-83,8
14:47:21:404,39.18,-85,8
14:47:21:763,39.64,-90,6
14:47:22:107,40.08,-83,9
14:47:22:467,40.54,-76,9
14:47:22:810,40.98,-70,11
14:47:23:170,41.45,-85,8
14:47:23:513,41.89,-87,7
14:47:23:857,42.33,-92,3
14:47:24:217,42.79,-80,9
14:47:24:560,43.23,-81,11
14:47:24:920,43.7,-81,8
14:47:25:263,44.14,-88,6
14:47:25:607,44.58,-95,1
14:47:25:966,45.04,-80,9
14:47:26:310,45.48,-80,8
14:47:26:670,45.95,-88,7
14:47:27:013,46.39,-81,8
14:47:27:357,46.83,-90,6
14:47:27:716,47.29,-88,6
14:47:28:060,47.73,-84,8
14:47:28:419,48.19,-84,8
14:47:28:763,48.64,-82,10
14:47:29:123,49.12,-84,9
14:47:29:466,49.62,-85,8
14:47:29:810,50.12,-81,10
14:47:30:169,50.64,-86,8
14:47:30:513,51.14,-78,9
14:47:30:873,51.67,-91,6
14:47:31:218,52.17,-96,0
14:47:31:562,52.67,-81,10
14:47:31:921,53.19,-83,9
14:47:32:265,53.69,-84,8
14:47:32:625,54.21,-80,8
14:47:32:968,54.71,-78,9
14:47:33:312,55.21,-78,11
14:47:33:671,55.74,-73,11
14:47:34:015,56.24,-75,8
14:47:34:374,56.76,-70,8
14:47:34:718,57.26,-73,8
14:47:35:076,57.78,-73,8
14:47:35:420,58.28,-76,10
14:47:35:764,58.78,-79,10
14:47:36:123,59.3,-72,9
14:47:36:467,59.8,-74,10
14:47:36:826,60.32,-73,9
14:47:37:170,60.83,-72,9
14:47:37:514,61.33,-75,11
14:47:37:873,61.85,-75,11
14:47:38:217,62.35,-75,11
14:47:38:576,62.87,-76,8
14:47:38:920,63.37,-74,8
14:47:39:264,63.87,-73,11
14:47:39:623,64.39,-77,8
14:47:39:967,64.89,-78,10
14:47:40:326,65.53,-74,9
14:47:40:670,66.14,-75,11
14:47:41:029,66.78,-76,8
14:47:41:373,67.4,-76,11
14:47:41:717,68.02,-75,9
14:47:42:070,68.65,-74,8
14:47:42:429,69.29,-77,9
14:47:42:773,69.91,-73,8
14:47:43:117,70.52,-76,10
14:47:43:476,71.17,-79,8
14:47:43:820,71.78,-86,8
14:47:44:179,72.43,-83,9
14:47:44:523,73.04,-83,9
14:47:44:882,73.69,-81,11
14:47:45:226,74.3,-79,8
14:47:45:570,74.92,-78,9
14:47:45:929,75.56,-78,11
14:47:46:273,76.18,-80,9
14:47:46:632,76.82,-81,8
14:47:46:976,77.44,-89,7
14:47:47:320,78.05,-80,8
14:47:47:679,78.69,-83,8
14:47:48:023,79.31,-84,8
14:47:48:382,79.95,-83,8
14:47:48:726,80.57,-79,10
14:47:49:070,81.19,-81,10
14:47:49:429,81.83,-79,11
14:47:49:773,82.44,-78,9
14:47:50:132,83.09,-78,8
14:47:50:476,83.7,-78,9
14:47:50:835,84.35,-79,11
14:47:51:179,84.96,-79,8
14:47:51:523,85.56,-81,8
14:47:51:882,86.19,-83,7
14:47:52:226,86.79,-82,10
14:47:52:585,87.42,-79,8
14:47:52:929,88.03,-81,9
14:47:53:282,88.65,-77,9
14:47:53:626,89.25,-78,9
14:47:53:985,89.88,-78,9
14:47:54:329,90.49,-75,8
14:47:54:673,91.09,-82,8
14:47:55:032,91.72,-84,8
14:47:55:376,92.32,-82,7
14:47:55:735,92.95,-81,10
14:47:56:079,93.56,-82,7
14:47:56:438,94.19,-79,10
14:47:56:782,94.79,-79,10
14:47:57:126,95.4,-80,10
14:47:57:485,96.03,-79,8
14:47:57:829,96.63,-82,8
14:47:58:188,97.26,-83,7
14:47:58:532,97.86,-86,7
14:47:58:876,98.47,-78,11
14:47:59:235,99.1,-80,8
14:47:59:579,99.7,-80,8
14:47:59:938,100.33,-83,8
14:48:00:282,100.94,-82,10
14:48:00:641,101.57,-80,7
14:48:00:985,102.17,-82,8
14:48:01:329,102.77,-81,9
14:48:01:688,103.4,-79,7
14:48:02:032,104.01,-83,8
14:48:02:391,104.63,-85,8
14:48:02:735,105.23,-82,10
14:48:03:085,105.84,-85,7
14:48:03:429,106.43,-80,7
14:48:03:788,107.06,-79,8
14:48:04:132,107.65,-83,8
14:48:04:491,108.28,-81,9
14:48:04:835,108.87,-83,7
14:48:05:179,109.47,-87,9
14:48:05:538,110.09,-87,8
14:48:05:882,110.69,-80,8
14:48:06:241,111.32,-83,8
14:48:06:585,111.91,-81,8
14:48:06:944,112.54,-82,7
14:48:07:288,113.13,-87,8
14:48:07:632,113.73,-89,6
14:48:07:991,114.35,-86,7
14:48:08:335,114.95,-88,7
14:48:08:694,115.57,-89,6
14:48:09:038,116.17,-91,4
14:48:09:382,116.77,-84,8
14:48:09:741,117.39,-87,9
14:48:10:085,117.99,-85,7
14:48:10:444,118.61,-87,8
14:48:10:788,119.21,-82,8
14:48:11:147,119.83,-81,9
14:48:11:491,120.43,-82,10
14:48:11:835,121.03,-78,8
14:48:12:194,121.65,-82,7
14:48:12:538,122.25,-84,8
14:48:12:897,122.87,-78,9
14:48:13:241,123.4,-86,9
14:48:13:585,123.9,-84,9
14:48:13:944,124.41,-83,8
14:48:14:297,124.92,-85,7
14:48:14:641,125.42,-90,6
14:48:14:985,125.92,-85,7
14:48:15:344,126.44,-90,6
14:48:15:688,126.93,-89,7
14:48:16:047,127.45,-86,7
14:48:16:391,127.95,-92,4
14:48:16:750,128.47,-89,7
14:48:17:094,128.96,-94,3
14:48:17:438,129.46,-87,9
14:48:17:797,129.98,-87,8
14:48:18:141,130.47,-86,7
14:48:18:500,130.99,-84,7
14:48:18:844,131.49,-85,7
14:48:19:188,131.98,-93,4
14:48:19:547,132.5,-88,7
14:48:19:891,133,-90,6
14:48:20:250,133.52,-85,7
14:48:20:594,134.01,-83,7
14:48:20:938,134.51,-84,9
14:48:21:297,135.03,-89,7
14:48:21:641,135.53,-83,8
14:48:22:000,136.04,-87,8
14:48:22:344,136.54,-87,8
14:48:22:703,137.06,-88,8
14:48:23:052,137.56,-81,10
14:48:23:393,138.06,-87,8
14:48:23:752,138.57,-81,8
14:48:24:102,139.09,-83,7
14:48:24:445,139.6,-84,9
14:48:24:805,140.15,-84,8
14:48:25:148,140.66,-90,6
14:48:25:492,141.18,-93,5
14:48:25:851,141.72,-87,8
14:48:26:195,142.24,-91,5
14:48:26:555,142.78,-89,6
14:48:26:898,143.3,-88,7
14:48:27:242,143.82,-88,8
14:48:27:601,144.36,-87,8
14:48:27:945,144.88,-86,7
14:48:28:305,145.42,-85,7
14:48:28:648,145.94,-88,8
14:48:28:992,146.46,-86,8
14:48:29:351,147,-91,4
14:48:29:695,147.52,-93,4
14:48:30:054,148.06,-88,8
14:48:30:398,148.58,-90,6
14:48:30:758,149.12,-92,6
14:48:31:101,149.64,-90,7
14:48:31:452,150.17,-93,4
14:48:31:796,150.69,-88,8
14:48:32:159,151.24,-94,2
14:48:32:846,152.27,-94,3
14:48:33:199,152.81,-91,6
14:48:33:559,153.35,-90,6
14:48:33:903,153.87,-92,5
14:48:34:256,154.4,-92,5
14:48:34:599,154.92,-97,0
14:48:35:301,156,-94,4
14:48:35:660,156.58,-94,3
14:48:36:004,157.13,-98,-4
14:48:36:348,157.69,-97,-1
14:48:36:706,158.26,-99,-5
14:48:37:049,158.81,-95,4
14:48:37:409,159.39,-89,6
14:48:37:752,159.94,-93,5
14:48:38:112,160.52,-100,-10
14:48:38:799,161.62,-98,0
14:48:39:159,162.2,-98,-3
14:48:39:502,162.75,-95,3
14:48:40:549,164.43,-97,1
14:48:40:909,165.01,-91,5
14:48:41:252,165.56,-91,5
14:48:41:612,166.14,-96,0
14:48:41:955,166.69,-100,-11
14:48:42:315,167.27,-97,0
14:48:42:658,167.82,-93,5
14:48:43:002,168.37,-96,0
14:48:43:362,168.95,-96,0
14:48:43:705,169.5,-90,6
14:48:44:058,170.06,-93,5
14:48:44:402,170.62,-91,5
14:48:44:761,171.19,-87,7
14:48:45:101,171.74,-89,6
14:48:45:461,172.32,-88,8
14:48:45:805,172.87,-89,7
14:48:46:164,173.43,-93,5
14:48:46:508,173.97,-88,8
14:48:46:867,174.52,-88,7
14:48:47:211,175.05,-89,7
14:48:47:554,175.58,-98,-1
14:48:47:914,176.13,-92,4
14:48:48:258,176.67,-90,6
14:48:48:617,177.22,-87,9
14:48:48:961,177.75,-87,8
14:48:49:304,178.28,-89,7
14:48:49:664,178.83,-90,6
14:48:50:007,179.36,-88,7
14:48:50:367,179.92,-92,4
14:48:50:711,180.45,-94,5
14:48:51:070,181,-93,3
14:48:51:414,181.53,-93,4
14:48:51:757,182.06,-91,6
14:48:52:117,182.62,-89,7
14:48:52:820,183.7,-89,6
14:48:53:164,184.23,-95,3
14:48:53:507,184.76,-93,5
14:48:53:867,185.32,-95,4
14:48:54:210,185.85,-94,3
14:48:54:570,186.4,-91,5
14:48:54:914,186.93,-92,5
14:48:55:257,187.46,-97,1
14:48:55:617,188.02,-89,7
14:48:55:960,188.55,-94,4
14:48:56:312,189.09,-94,2
14:48:56:672,189.65,-87,9
14:48:57:016,190.18,-88,8
14:48:57:359,190.78,-90,6
14:48:57:719,191.42,-89,7
14:48:58:062,192.02,-91,5
14:48:58:422,192.65,-92,4
14:48:58:766,193.26,-90,6
14:48:59:109,193.86,-88,8
14:48:59:469,194.49,-86,7
14:48:59:812,195.09,-89,6
14:49:00:172,195.73,-91,5
14:49:00:515,196.33,-86,7
14:49:00:875,196.96,-85,7
14:49:01:219,197.57,-83,9
14:49:01:562,198.17,-85,8
14:49:01:922,198.8,-88,8
14:49:02:265,199.4,-87,9
14:49:02:625,200.04,-88,7
14:49:02:968,200.64,-90,5
14:49:03:312,201.24,-85,8
14:49:03:672,201.88,-90,7
14:49:04:015,202.48,-92,5
14:49:04:375,203.11,-85,7
14:49:04:718,203.71,-89,6
14:49:05:078,204.35,-93,4
14:49:05:422,204.95,-92,5
14:49:05:765,205.55,-88,8
14:49:06:125,206.19,-94,4
14:49:06:468,206.79,-96,1
14:49:06:828,207.42,-93,5
14:49:07:171,208.02,-95,2
14:49:07:515,208.63,-96,1
14:49:07:875,209.26,-89,7
14:49:08:218,209.78,-94,4
14:49:08:578,210.26,-92,5
14:49:08:921,210.73,-86,7
14:49:09:265,211.19,-95,3
14:49:09:624,211.68,-96,2
14:49:09:968,212.14,-98,0
14:49:10:328,212.63,-98,-1
14:49:10:671,213.09,-98,0
14:49:11:374,214.04,-98,-7
14:49:11:718,214.5,-98,-3
14:49:12:078,214.99,-95,1
14:49:12:421,215.45,-90,6
14:49:12:781,215.94,-88,8
14:49:13:124,216.4,-97,0
14:49:13:468,216.87,-99,-3
14:49:14:171,217.82,-100,-6
14:49:14:531,218.3,-100,-5
14:49:14:874,218.77,-99,-9
14:49:15:234,219.25,-99,-10
14:49:15:577,219.72,-98,-4
14:49:16:281,220.67,-99,-6
14:49:16:624,221.13,-97,0
14:49:16:984,221.62,-100,-4
14:49:17:322,222.07,-97,-1
14:49:17:681,222.56,-96,1
14:49:18:025,223.02,-96,0
14:49:18:384,223.51,-94,4
14:49:18:728,223.97,-98,0
14:49:19:072,224.44,-96,1
14:49:19:431,224.94,-91,5
14:49:20:134,225.92,-98,-1
14:49:20:478,226.39,-93,6
14:49:20:822,226.87,-98,-3
14:49:21:186,227.38,-97,0
14:49:21:529,227.85,-94,3
14:49:21:873,228.33,-97,1
14:49:22:233,228.83,-93,5
14:49:22:576,229.31,-91,5
14:49:22:936,229.81,-93,5
14:49:23:279,230.29,-96,1
14:49:23:623,230.76,-99,-3
14:49:23:982,231.26,-96,0
14:49:24:326,231.74,-98,0
14:49:24:686,232.24,-94,3
14:49:25:029,232.72,-98,-3
14:49:25:389,233.22,-93,4
14:49:25:732,233.69,-93,4
14:49:26:076,234.17,-92,5
14:49:26:436,234.67,-99,-2
14:49:26:779,235.15,-100,-9
14:49:27:139,235.65,-99,-3
14:49:27:482,236.12,-97,0
14:49:27:826,236.6,-97,1
14:49:28:179,237.09,-97,1
14:49:28:539,237.59,-93,4
14:49:28:882,238.07,-90,5
14:49:29:242,238.57,-91,4
14:49:29:585,239.04,-92,5
14:49:29:929,239.52,-91,5
14:49:30:289,240.11,-97,1
14:49:30:632,240.68,-95,1
14:49:30:992,241.28,-97,1
14:49:31:335,241.86,-94,3
14:49:31:679,242.43,-99,-2
14:49:32:039,243.04,-97,-1
14:49:32:382,243.61,-98,0
14:49:32:742,244.21,-97,0
14:49:33:085,244.79,-97,0
14:49:33:429,245.36,-95,2
14:49:33:788,245.96,-95,2
14:49:34:132,246.54,-96,0
14:49:34:492,247.14,-99,-1
14:49:34:835,247.72,-95,2
14:49:35:195,248.32,-98,-1
14:49:35:538,248.9,-99,-4
14:49:35:882,249.47,-97,-1
14:49:36:241,250.07,-96,0
14:49:36:585,250.65,-100,-3
14:49:36:945,251.25,-101,-11
14:49:37:288,251.83,-99,-3
14:49:37:632,252.4,-98,-3
14:49:37:991,253,-97,0
14:49:38:335,253.58,-96,0
14:49:38:695,254.18,-99,-3
14:49:39:036,254.75,-93,4
14:49:39:395,255.35,-96,1
14:49:39:739,255.93,-99,-1
14:49:40:082,256.5,-98,0
14:49:40:442,257.11,-98,-3
14:49:40:786,257.68,-100,-10
14:49:41:145,258.26,-99,0
14:49:42:192,259.86,-100,-3
14:49:42:535,260.39,-100,-5
14:49:43:239,261.46,-98,-3
14:49:44:645,263.61,-99,-4
14:49:44:988,264.14,-98,-3
14:49:45:348,264.69,-99,-3
14:49:46:395,266.29,-99,0
14:49:46:738,266.81,-99,-7
14:49:47:098,267.36,-100,-11
14:49:47:442,267.89,-100,-11
14:49:47:801,268.43,-100,-5
14:49:48:488,269.48,-99,-9
14:49:48:848,270.03,-98,-4
14:49:49:191,270.56,-100,-5
14:49:49:551,271.11,-98,0
14:49:49:895,271.63,-98,-3
14:49:50:246,272.17,-100,-5
14:49:50:589,272.7,-100,-6
14:49:50:949,273.25,-98,-6
14:49:51:996,274.85,-99,-9
14:49:52:339,275.33,-99,-7
14:49:53:042,276.33,-101,-8
14:49:53:402,276.83,-99,0
14:49:53:745,277.32,-97,1
14:49:54:105,277.83,-96,3
14:49:54:449,278.32,-93,3
14:49:54:792,278.8,-98,-1
14:49:55:152,279.31,-97,0
14:49:55:495,279.8,-96,2
14:49:55:855,280.3,-96,-1
14:49:56:198,280.79,-99,-3
14:49:56:542,281.28,-100,-6
14:49:56:902,281.79,-99,-3
14:49:57:245,282.27,-98,0
14:49:57:605,282.78,-100,-11
14:49:57:948,283.27,-101,-12
14:49:58:292,283.75,-100,-11
14:49:58:652,284.26,-100,-5
14:49:59:355,285.26,-99,-5
14:49:59:698,285.74,-99,-7
14:50:00:395,286.73,-100,-6
14:50:01:457,288.23,-100,-4
14:50:01:801,288.72,-99,-12
14:50:02:504,289.71,-98,-3
14:50:02:848,290.2,-99,0
14:50:03:207,290.72,-99,-7
14:50:03:551,291.23,-100,-6
14:50:03:910,291.77,-99,-9
14:50:04:254,292.28,-99,-11
14:50:04:957,293.33,-99,-1
14:50:05:301,293.84,-101,-9
14:50:05:660,294.37,-99,-9
14:50:06:004,294.88,-100,-10
14:50:06:348,295.4,-98,0
14:50:06:707,295.93,-100,-3
14:50:07:051,296.44,-99,-1
14:50:07:410,296.98,-96,2
14:50:07:754,297.49,-97,0
14:50:08:113,298.03,-96,0
14:50:08:457,298.54,-97,0
14:50:08:801,299.05,-99,-12
14:50:10:207,301.14,-98,-3
14:50:10:551,301.66,-97,-1
14:50:10:910,302.19,-98,-3
14:50:11:263,302.72,-97,1
14:50:12:310,304.27,-98,0
14:50:13:357,305.83,-100,-11
14:50:13:701,306.35,-99,-4
14:50:14:060,306.88,-98,-3
14:50:14:763,307.98,-100,-13
14:50:15:107,308.51,-99,-8
14:50:15:466,309.07,-100,-13
14:50:15:810,309.6,-101,-14
14:50:16:857,311.23,-100,-6
14:50:17:216,311.79,-100,-4
14:50:18:607,313.95,-101,-10
14:50:18:966,314.51,-98,0
14:50:19:310,315.04,-100,-6
14:50:20:013,316.13,-100,-6
14:50:20:357,316.67,-101,-9
14:50:20:716,317.23,-99,-6
14:50:21:413,318.31,-101,-12
14:50:21:757,318.84,-97,0
14:50:22:116,319.4,-99,-7
14:50:22:460,319.94,-99,-4
14:50:22:819,320.49,-99,-6
14:50:23:507,321.56,-100,-7
14:50:23:866,322.12,-99,-5
14:50:24:210,322.65,-98,-4
14:50:24:913,323.75,-99,-7
14:50:25:272,324.36,-101,-13
14:50:25:616,324.97,-101,-7
14:50:25:960,325.58,-99,-7
14:50:26:319,326.21,-100,-6
14:50:26:663,326.82,-100,-8
14:50:27:022,327.45,-100,-5
14:50:27:366,328.06,-99,-12
14:50:28:069,329.3,-100,-17
14:50:28:413,329.9,-99,0
14:50:28:772,330.54,-99,-11
14:50:30:163,332.99,-98,-3
14:50:30:522,333.63,-99,-9
14:50:31:225,334.87,-98,-5
14:50:31:569,335.47,-99,-6
14:50:32:616,337.32,-100,-15
14:50:33:319,338.56,-100,-9
14:50:33:663,339.17,-99,-10
14:50:34:366,340.41,-99,-10
14:50:35:428,342.28,-100,-5
14:50:35:772,342.89,-99,-3
14:50:36:814,344.49,-99,-12
14:50:38:580,347.09,-101,-12
14:50:39:626,348.63,-99,-8
14:50:39:970,349.14,-99,-8
14:50:40:330,349.67,-100,-9
14:50:41:017,350.68,-99,-5
14:50:41:374,351.21,-100,-9
14:50:41:718,351.71,-99,-3
14:50:42:430,352.76,-99,-5
14:50:43:477,354.3,-101,-13
14:50:44:180,355.34,-99,-13
14:50:44:524,355.85,-99,-4
14:50:44:883,356.37,-99,-11
14:50:45:227,356.88,-99,-5
14:50:45:930,357.92,-100,-7
14:50:46:633,358.95,-101,-12
14:50:46:977,359.46,-99,-6
14:50:47:321,359.89,-101,-10
14:50:47:680,360.34,-101,-9
14:50:48:024,360.77,-101,-8
14:50:48:383,361.22,-100,-13
14:50:49:071,362.08,-99,-7
14:50:49:430,362.53,-100,-6
14:50:49:774,362.96,-100,-3
14:50:50:133,363.41,-99,-7
14:50:50:477,363.84,-100,-7
14:50:50:836,364.29,-100,-5
14:50:51:524,365.15,-99,-5
14:50:51:883,365.6,-98,-4
14:50:52:227,366.03,-100,-6
14:50:52:586,366.48,-101,-8
14:50:52:930,366.91,-99,-10
14:50:53:627,367.78,-100,-11
14:50:53:986,368.23,-100,-5
14:50:54:689,369.11,-100,-13
14:50:55:377,369.97,-100,-6
14:50:56:080,370.85,-99,-9
14:50:57:137,372.17,-99,-15
14:50:57:481,372.6,-99,-8
14:50:57:828,373.04,-101,-8
14:50:58:187,373.52,-101,-8
14:50:58:537,374.02,-100,-5
14:50:58:880,374.5,-101,-9
14:50:59:239,375.01,-99,-6
14:50:59:583,375.5,-101,-8
14:50:59:942,376.01,-101,-7
14:51:01:334,377.99,-99,-1
14:51:01:693,378.51,-100,-6
14:51:02:037,378.99,-99,-6
14:51:03:087,380.49,-100,-5
14:51:03:431,380.98,-99,-12
14:51:04:140,381.99,-100,-3
14:51:04:484,382.48,-99,-10
14:51:04:843,382.99,-100,-10
14:51:05:190,383.48,-101,-12
14:51:05:533,383.97,-100,-6
14:51:05:895,384.48,-99,-4
14:51:06:242,384.98,-101,-9
14:51:06:586,385.47,-100,-2
14:51:06:945,385.98,-100,-5
14:51:07:289,386.47,-98,0
14:51:07:633,386.96,-99,0
14:51:07:992,387.47,-98,-4
14:51:08:341,387.96,-99,-4
14:51:08:685,388.45,-98,-1
14:51:09:043,388.97,-99,-5
14:51:09:386,389.53,-99,-14
14:51:10:094,390.69,-101,-7
14:51:10:440,391.26,-99,-5
14:51:10:784,391.82,-100,-8
14:51:11:143,392.41,-99,-7
14:51:11:487,392.98,-99,-3
14:51:11:846,393.56,-99,-6
14:51:12:891,395.28,-100,-10
14:51:13:249,395.86,-99,-9
14:51:13:939,396.99,-101,-9
14:51:14:298,397.58,-99,-8
14:51:14:989,398.71,-100,-12
14:51:15:344,399.29,-99,-7
14:51:15:694,399.87,-100,-10
14:51:16:038,400.43,-100,-9
14:51:16:397,401.02,-100,-8
14:51:16:741,401.58,-99,-6
14:51:17:100,402.17,-99,-7
14:51:17:444,402.73,-100,-6
14:51:18:146,403.88,-101,-11
14:51:18:490,404.45,-100,-4
14:51:18:841,405.02,-101,-12
14:51:19:188,405.59,-100,-5
14:51:19:897,406.75,-99,-11
14:51:20:241,407.3,-100,-5
14:51:20:600,407.87,-99,-7
14:51:20:944,408.41,-101,-7
14:51:21:303,408.98,-100,-5
14:51:21:647,409.53,-99,-1
14:51:21:991,410.07,-97,-2
14:51:22:350,410.64,-98,-2
14:51:22:694,411.18,-99,-9
14:51:23:053,411.75,-98,-2
14:51:23:397,412.29,-99,-1
14:51:23:740,412.83,-99,-4
14:51:24:100,413.4,-100,-8
14:51:24:444,413.95,-99,-4
14:51:24:803,414.52,-99,-5
14:51:25:147,415.06,-99,-8
14:51:25:506,415.63,-100,-3
14:51:25:850,416.17,-101,-8
14:51:26:203,416.73,-100,-8
14:51:26:547,417.27,-99,-5
14:51:26:906,417.84,-99,-5
14:51:27:250,418.38,-100,-9
14:51:27:601,418.94,-99,-7
14:51:28:304,420.05,-101,-10
14:51:29:007,421.16,-100,-12
14:51:30:396,423.37,-101,-9
14:51:30:758,423.96,-99,-11
14:51:31:101,424.51,-99,-8
14:51:31:460,425.09,-101,-9
14:51:31:804,425.65,-101,-7
14:51:32:148,426.21,-100,-6
14:51:32:507,426.79,-100,-5
14:51:33:210,427.93,-100,-5
14:51:33:554,428.48,-99,-5
14:51:34:960,430.76,-100,-7
14:51:35:304,431.31,-101,-12
14:51:35:647,431.87,-99,-5
14:51:36:007,432.45,-100,-14
14:51:36:351,433.01,-99,-3
14:51:36:710,433.59,-98,0
14:51:37:063,434.16,-98,-1
14:51:37:407,434.72,-100,-3
14:51:37:750,435.27,-99,-3
14:51:38:110,435.86,-100,-3
14:51:38:454,436.41,-101,-11
14:51:38:813,436.99,-101,-8
14:51:39:157,437.55,-100,-14
14:51:39:500,438.1,-101,-9
14:51:39:860,438.69,-99,-9
14:51:40:203,439.24,-101,-12
14:51:40:563,439.82,-101,-10
14:51:40:907,440.38,-101,-9
14:51:41:613,441.34,-99,-8
14:51:41:956,441.8,-101,-15
14:51:42:316,442.28,-100,-11
14:51:42:659,442.73,-100,-8
14:51:43:362,443.67,-101,-9
14:51:43:706,444.12,-100,-7
14:51:44:066,444.6,-99,-9
14:51:44:409,445.06,-101,-9
14:51:45:816,446.92,-101,-7
14:51:46:159,447.38,-100,-5
14:51:46:503,447.83,-101,-10
14:51:46:862,448.31,-99,-10
14:51:47:206,448.77,-100,-15
14:51:47:565,449.24,-100,-12
14:51:48:261,450.17,-100,-12
14:51:48:605,450.62,-100,-12
14:51:49:308,451.56,-101,-10
14:51:50:011,452.49,-100,-6
14:51:50:714,453.42,-100,-12
14:51:51:058,453.9,-101,-10
14:51:51:761,455.09,-101,-12
14:51:52:808,456.86,-101,-10
14:51:53:168,457.47,-101,-10
14:51:53:511,458.05,-101,-8
14:51:53:871,458.66,-100,-12
14:51:54:558,459.83,-101,-11
14:51:54:917,460.44,-101,-10
14:51:55:261,461.02,-101,-7
14:51:55:621,461.63,-101,-9
14:51:55:964,462.21,-99,-8
14:51:56:324,462.82,-99,-7
14:51:56:667,463.4,-99,-11
14:51:57:011,463.98,-99,-7
14:51:57:370,464.59,-100,-6
14:51:57:714,465.17,-100,-12
14:51:58:074,465.78,-99,-6
14:51:58:417,466.36,-99,-11
14:51:58:761,466.95,-99,-2
14:51:59:114,467.54,-100,-5
14:51:59:474,468.15,-98,0
14:51:59:817,468.73,-96,1
14:52:00:161,469.32,-96,1
14:52:00:521,469.93,-99,-1
14:52:00:876,470.53,-96,0
14:52:01:220,471.11,-95,2
14:52:01:563,471.69,-96,2
14:52:01:914,472.29,-95,1
14:52:02:273,472.84,-97,0
14:52:02:617,473.35,-98,-2
14:52:02:977,473.88,-98,-2
14:52:03:319,474.39,-98,-3
14:52:03:674,474.92,-98,0
14:52:04:017,475.43,-98,-2
14:52:04:720,476.48,-100,-4
14:52:05:064,476.99,-98,-3
14:52:05:414,477.51,-99,-12
14:52:06:121,478.56,-100,-4
14:52:06:465,479.07,-99,-6
14:52:06:824,479.61,-99,-3
14:52:07:171,480.12,-100,-6
14:52:07:874,481.17,-100,-2
14:52:08:218,481.68,-100,-6
14:52:08:577,482.21,-100,-7
14:52:08:921,482.72,-99,-7
14:52:09:281,483.26,-99,-9
14:52:09:624,483.77,-99,-4
14:52:09:968,484.28,-98,-5
14:52:10:321,484.81,-99,-12
14:52:10:667,485.32,-99,-5
14:52:11:027,485.86,-98,-5
14:52:11:374,486.37,-99,-2
14:52:11:720,486.89,-98,-3
14:52:12:083,487.43,-101,-10
14:52:12:419,487.93,-100,-5
14:52:12:782,488.47,-99,-4
14:52:13:470,489.47,-99,-6
14:52:13:833,490,-99,-8
14:52:14:177,490.5,-99,-8
14:52:14:520,490.99,-101,-9
14:52:14:880,491.51,-100,-15
14:52:15:223,492.01,-100,-4
14:52:15:583,492.53,-100,-6
14:52:15:921,493.02,-100,-8
14:52:16:280,493.54,-100,-9
14:52:16:624,494.04,-101,-7
14:52:16:974,494.55,-100,-11
14:52:17:324,495.05,-100,-6
14:52:18:027,496.07,-100,-7
14:52:18:386,496.59,-101,-7
14:52:18:730,497.09,-99,-4
14:52:19:074,497.59,-100,-3
14:52:19:777,498.61,-99,-9
14:52:20:136,499.13,-99,-4
14:52:20:480,499.62,-98,-3
14:52:20:824,500.12,-100,-5
14:52:21:180,500.64,-100,-8
14:52:21:528,501.14,-98,-2
14:52:21:887,501.66,-99,-2
14:52:22:231,502.16,-98,0
14:52:22:575,502.66,-99,-5
14:52:22:934,503.18,-98,-4
14:52:23:278,503.68,-100,-5
14:52:23:637,504.2,-99,-4
14:52:23:990,504.71,-100,-3
14:52:24:325,505.21,-99,-3
14:52:24:684,505.75,-99,-5
14:52:25:028,506.26,-100,-3
14:52:25:387,506.8,-98,0
14:52:25:731,507.31,-100,-16
14:52:26:434,508.37,-99,-6
14:52:26:778,508.88,-99,-8
14:52:27:137,509.42,-99,-8
14:52:27:840,510.47,-99,-11
14:52:28:188,510.99,-99,-6
14:52:28:532,511.51,-101,-9
14:52:29:235,512.56,-99,-6
14:52:29:579,513.07,-99,-5
14:52:29:938,513.61,-101,-7
14:52:30:282,514.13,-97,-1
14:52:30:641,514.66,-99,-1
14:52:30:985,515.18,-100,-5
14:52:31:329,515.7,-99,-7
14:52:31:688,516.23,-99,-4
14:52:32:041,516.76,-99,-9
14:52:32:392,517.29,-100,-14
14:52:32:742,517.81,-99,-2
14:52:33:094,518.34,-98,-2
14:52:33:444,518.86,-100,-5
14:52:33:794,519.39,-99,-6
14:52:34:135,519.9,-97,0
14:52:34:494,520.43,-99,-4
14:52:34:838,520.95,-100,-7
14:52:35:541,521.81,-99,-13
14:52:35:885,522.21,-98,0
14:52:36:244,522.62,-99,-2
14:52:36:588,523.02,-100,-4
14:52:36:932,523.41,-98,-1
14:52:37:291,523.83,-99,-3
14:52:37:635,524.22,-99,-9
14:52:37:994,524.64,-100,-6
14:52:38:338,525.03,-101,-7
14:52:38:697,525.45,-100,-4
14:52:39:041,525.84,-99,-7
14:52:39:385,526.24,-100,-12
14:52:39:744,526.65,-100,-15
14:52:40:088,527.05,-99,-6
14:52:40:447,527.46,-100,-14
14:52:40:791,527.86,-101,-6
14:52:41:494,528.67,-100,-4
14:52:41:838,529.06,-97,0
14:52:42:197,529.47,-98,-1
14:52:42:541,529.87,-98,-2
14:52:42:900,530.28,-97,0
14:52:43:238,530.67,-98,-2
14:52:43:598,531.09,-100,-13
14:52:43:941,531.48,-99,-10
14:52:44:301,531.9,-99,-7
14:52:44:644,532.29,-101,-7
14:52:45:347,533.1,-100,-3
14:52:45:691,533.5,-98,-4
14:52:46:051,533.93,-100,-12
14:52:46:738,535.01,-101,-10
14:52:47:097,535.57,-101,-9
14:52:47:801,536.68,-99,-6
14:52:48:488,537.76,-99,-6
14:52:48:847,538.32,-99,-11
14:52:49:191,538.86,-100,-6
14:52:49:550,539.43,-99,-6
14:52:49:894,539.97,-98,-4
14:52:50:254,540.53,-101,-8
14:52:50:597,541.07,-100,-3
14:52:50:941,541.61,-100,-7
14:52:51:300,542.17,-99,-7
14:52:51:644,542.71,-101,-12
14:52:52:003,543.28,-99,-5
14:52:52:347,543.82,-101,-17
14:52:52:691,544.36,-101,-6
14:52:53:050,544.92,-98,-3
14:52:53:394,545.46,-100,-11
14:52:53:753,546.02,-101,-9
14:52:54:097,546.56,-99,-1
14:52:54:441,547.1,-99,-3
14:52:54:800,547.67,-99,-5
14:52:55:144,548.21,-98,0
14:52:55:503,548.77,-97,1
14:52:55:847,549.31,-98,-3
14:52:56:206,549.87,-99,-3
14:52:56:550,550.42,-97,-1
14:52:56:894,550.96,-98,-3
14:52:57:253,551.49,-100,-5
14:52:57:597,551.99,-99,-8
14:52:57:956,552.52,-96,1
14:52:58:300,553.02,-99,-2
14:52:58:644,553.52,-101,-10
14:52:59:003,554.05,-97,0
14:52:59:706,555.08,-99,-3
14:53:00:050,555.58,-100,-10
14:53:00:409,556.1,-98,0
14:53:00:753,556.61,-97,2
14:53:01:097,557.11,-99,0
14:53:01:456,557.64,-99,-1
14:53:01:800,558.14,-99,0
14:53:02:159,558.66,-98,-2
14:53:02:503,559.17,-98,-2
14:53:02:847,559.67,-99,-1
14:53:03:206,560.19,-97,1
14:53:03:550,560.7,-99,0
14:53:03:909,561.22,-96,1
14:53:04:597,562.23,-98,0
14:53:04:956,562.75,-98,-2
14:53:05:300,563.25,-99,-2
14:53:05:659,563.78,-96,0
14:53:06:003,564.28,-99,-4
14:53:06:362,564.81,-97,0
14:53:06:706,565.31,-97,0
14:53:07:050,565.81,-96,2
14:53:07:409,566.34,-98,0
14:53:07:753,566.84,-97,1
14:53:08:112,567.36,-97,-1
14:53:08:456,567.85,-97,1
14:53:08:800,568.34,-97,-1
14:53:09:159,568.85,-97,-1
14:53:09:503,569.34,-97,-1
14:53:09:862,569.85,-97,0
14:53:10:206,570.34,-99,-1
14:53:10:565,570.85,-96,1
14:53:10:909,571.34,-98,0
14:53:11:253,571.83,-95,2
14:53:11:612,572.34,-95,1
14:53:11:956,572.83,-99,-1
14:53:12:315,573.34,-95,2
14:53:12:659,573.83,-95,3
14:53:13:003,574.31,-100,-6
14:53:13:362,574.83,-95,3
14:53:13:706,575.31,-95,3
14:53:14:065,575.82,-99,-6
14:53:14:409,576.31,-99,-6
14:53:14:753,576.8,-97,1
14:53:15:112,577.31,-96,1
14:53:15:456,577.8,-100,-5
14:53:15:815,578.31,-100,-3
14:53:16:168,578.81,-100,-7
14:53:16:512,579.3,-100,-16
14:53:16:856,579.79,-99,-1
14:53:17:215,580.3,-97,0
14:53:17:559,580.79,-98,-3
14:53:17:918,581.3,-98,-3
14:53:18:262,581.79,-99,-2
14:53:18:606,582.28,-94,4
14:53:18:965,582.79,-95,3
14:53:19:309,583.29,-94,3
14:53:19:668,583.8,-96,0
14:53:20:012,584.3,-99,-5
14:53:20:356,584.79,-100,-5
14:53:20:715,585.31,-99,-3
14:53:21:059,585.8,-96,2
14:53:21:418,586.32,-97,1
14:53:21:762,586.81,-97,1
14:53:22:121,587.33,-96,0
14:53:22:465,587.82,-95,1
14:53:22:809,588.32,-98,0
14:53:23:167,588.83,-99,-8
14:53:23:872,589.85,-98,0
14:53:24:216,590.34,-96,0
14:53:24:559,590.84,-98,0
14:53:24:919,591.35,-97,-2
14:53:25:263,591.85,-98,0
14:53:25:622,592.37,-98,-2
14:53:25:966,592.86,-95,1
14:53:26:319,593.37,-98,-2
14:53:26:663,593.86,-97,0
14:53:27:022,594.38,-96,2
14:53:27:366,594.87,-99,0
14:53:27:725,595.39,-95,3
14:53:28:069,595.88,-93,4
14:53:28:413,596.38,-96,0
14:53:28:772,596.9,-96,1
14:53:29:116,597.39,-95,2
14:53:29:475,597.91,-95,3
14:53:29:819,598.4,-94,4
14:53:30:162,598.84,-97,-1
14:53:30:522,599.23,-96,1
14:53:30:866,599.61,-96,1
14:53:31:225,600.01,-98,0
14:53:31:574,600.39,-95,2
14:53:31:918,600.77,-96,2
14:53:32:277,601.16,-95,2
14:53:32:621,601.54,-97,0
14:53:32:965,601.92,-96,0
14:53:33:318,602.31,-95,2
14:53:33:677,602.7,-97,-1
14:53:34:021,603.08,-94,2
14:53:34:365,603.46,-96,0
14:53:34:724,603.85,-100,-3
14:53:35:071,604.23,-97,-1
14:53:35:415,604.61,-96,2
14:53:35:774,605.01,-96,0
14:53:36:118,605.39,-98,-3
14:53:36:478,605.78,-97,0
14:53:37:175,606.55,-97,1
14:53:37:518,606.92,-99,-1
14:53:37:878,607.32,-94,4
14:53:38:221,607.7,-97,1
14:53:38:581,608.09,-97,0
14:53:38:925,608.47,-95,4
14:53:39:268,608.85,-94,3
14:53:39:628,609.24,-94,3
14:53:39:971,609.62,-94,4
14:53:40:331,610.02,-94,3
14:53:40:674,610.39,-95,3
14:53:41:018,610.78,-95,2
14:53:41:378,611.45,-95,2
14:53:41:721,612.08,-96,1
14:53:42:081,612.74,-96,1
14:53:42:424,613.37,-94,4
14:53:42:768,614,-99,-2
14:53:43:128,614.66,-95,1
14:53:43:471,615.29,-95,3
14:53:43:831,615.95,-95,2
14:53:44:174,616.58,-97,0
14:53:44:534,617.24,-101,-12
14:53:44:877,617.87,-94,2
14:53:45:221,618.5,-96,2
14:53:45:581,619.16,-97,0
14:53:45:924,619.79,-94,4
14:53:46:284,620.45,-96,2
14:53:46:627,621.08,-99,0
14:53:46:971,621.71,-94,2
14:53:47:325,622.36,-97,1
14:53:47:684,623.02,-98,-3
14:53:48:028,623.65,-94,4
14:53:48:371,624.28,-93,6
14:53:48:731,624.94,-98,-2
14:53:49:075,625.57,-93,6
14:53:49:434,626.23,-95,2
14:53:49:778,626.86,-98,-1
14:53:50:137,627.52,-93,4
14:53:50:481,628.15,-94,4
14:53:50:824,628.78,-97,0
14:53:51:184,629.44,-94,4
14:53:51:528,630.08,-96,2
14:53:51:887,630.73,-93,5
14:53:52:231,631.3,-94,3
14:53:52:574,631.82,-96,2
14:53:52:934,632.38,-95,2
14:53:53:277,632.9,-96,0
14:53:53:637,633.46,-94,5
14:53:53:981,633.99,-99,-3
14:53:54:340,634.54,-97,0
14:53:54:684,635.07,-96,2
14:53:55:027,635.59,-99,-7
14:53:55:387,636.15,-101,-6
14:53:55:731,636.67,-100,-5
14:53:56:090,637.23,-97,0
14:53:56:434,637.75,-95,3
14:53:56:777,638.28,-97,-1
14:53:57:137,638.83,-97,-1
14:53:57:480,639.36,-100,-9
14:53:57:840,639.91,-96,0
14:53:58:184,640.44,-96,2
14:53:58:527,640.97,-98,-2
14:53:58:887,641.52,-93,4
14:53:59:230,642.05,-100,-5
14:53:59:590,642.6,-96,2
14:53:59:933,643.13,-98,0
14:54:00:293,643.68,-98,0
14:54:00:637,644.21,-99,-1
14:54:00:980,644.74,-96,0
14:54:01:340,645.29,-98,-2
14:54:01:683,645.82,-97,0
14:54:02:043,646.37,-98,1
14:54:02:387,646.9,-96,3
14:54:02:730,647.43,-99,-6
14:54:03:090,647.96,-95,1
14:54:03:433,648.43,-97,1
14:54:03:793,648.92,-98,0
14:54:04:136,649.39,-96,1
14:54:04:496,649.89,-97,0
14:54:04:840,650.36,-96,2
14:54:05:183,650.82,-95,3
14:54:05:543,651.32,-97,1
14:54:05:886,651.78,-98,0
14:54:06:246,652.28,-98,0
14:54:06:590,652.75,-96,2
14:54:06:933,653.22,-96,0
14:54:07:293,653.71,-96,0
14:54:07:636,654.18,-95,1
14:54:07:996,654.67,-97,1
14:54:08:339,655.14,-98,-5
14:54:08:683,655.61,-96,1
14:54:09:036,656.09,-97,1
14:54:09:396,656.58,-98,-1
14:54:09:739,657.05,-98,0
14:54:10:099,657.54,-99,-2
14:54:10:443,658.01,-101,-9
14:54:10:786,658.48,-98,-3
14:54:11:146,658.97,-96,1
14:54:11:489,659.44,-99,-2
14:54:11:849,659.93,-96,0
14:54:12:193,660.4,-94,4
14:54:12:536,660.87,-99,-10
14:54:12:896,661.36,-98,-3
14:54:13:239,661.83,-94,4
14:54:13:599,662.32,-98,0
14:54:13:942,662.79,-95,2
14:54:14:286,663.27,-94,4
14:54:14:646,663.77,-99,-1
14:54:14:989,664.25,-97,0
14:54:15:349,664.75,-96,2
14:54:15:692,665.22,-97,1
14:54:16:052,665.73,-99,-2
14:54:16:396,666.2,-98,0
14:54:16:739,666.68,-99,-6
14:54:17:099,667.18,-99,-8
14:54:17:442,667.66,-100,-7
14:54:17:802,668.16,-99,-7
14:54:18:145,668.64,-98,-2
14:54:18:489,669.12,-99,-9
14:54:18:849,669.62,-101,-7
14:54:19:192,670.09,-100,-12
14:54:19:552,670.59,-100,-15
14:54:19:895,671.07,-101,-8
14:54:20:248,671.56,-99,-5
14:54:20:592,672.04,-98,-1
14:54:20:952,672.54,-99,-1
14:54:21:295,673.02,-98,-3
14:54:21:655,673.52,-97,-1
14:54:21:998,674,-98,-2
14:54:22:342,674.48,-96,2
14:54:22:701,674.97,-98,-1
14:54:23:045,675.45,-99,-4
14:54:23:405,675.95,-100,-4
14:54:23:748,676.43,-98,0
14:54:24:092,676.9,-95,1
14:54:24:451,677.39,-100,-3
14:54:24:795,677.85,-95,3
14:54:25:154,678.33,-95,3
14:54:25:858,679.27,-98,-2
14:54:26:201,679.73,-96,2
14:54:26:545,680.19,-99,-6
14:54:26:904,680.67,-100,-3
14:54:27:248,681.13,-98,0
14:54:27:608,681.62,-101,-7
14:54:27:951,682.08,-101,-11
14:54:28:295,682.54,-99,-6
14:54:28:654,683.02,-98,-4
14:54:29:357,683.96,-97,1
14:54:29:701,684.42,-97,0
14:54:30:045,684.88,-101,-11
14:54:30:404,685.36,-100,-3
14:54:30:748,685.82,-99,-3
14:54:31:107,686.3,-99,-7
14:54:31:451,686.77,-98,-3
14:54:31:811,687.25,-99,-11
14:54:32:154,687.71,-99,-5
14:54:32:498,688.17,-98,-4
14:54:32:857,688.65,-96,1
14:54:33:201,689.11,-97,1
14:54:33:560,689.59,-99,-5
14:54:33:904,690.05,-99,-8
14:54:34:248,690.51,-99,-9
14:54:34:607,690.99,-99,-7
14:54:34:951,691.46,-100,-12
14:54:35:310,692.06,-100,-2
14:54:35:654,692.65,-101,-6
14:54:36:013,693.27,-99,-3
14:54:36:357,693.86,-99,-2
14:54:36:701,694.46,-101,-8
14:54:37:060,695.07,-100,-11
14:54:37:404,695.67,-98,-3
14:54:37:763,696.29,-97,1
14:54:38:107,696.88,-100,-6
14:54:38:451,697.47,-98,-3
14:54:38:810,698.09,-101,-9
14:54:39:154,698.69,-100,-5
14:54:39:513,699.3,-99,-4
14:54:39:857,699.9,-101,-7
14:54:40:201,700.49,-100,-7
14:54:40:560,701.11,-100,-4
14:54:40:904,701.7,-99,-11
14:54:41:257,702.31,-99,-4
14:54:41:616,702.93,-98,-2
14:54:41:960,703.52,-101,-9
14:54:42:304,704.12,-100,-10
14:54:42:663,704.74,-99,-6
14:54:43:007,705.33,-99,-6
14:54:43:366,705.95,-98,0
14:54:44:054,707.14,-96,0
14:54:44:413,707.75,-97,0
14:54:44:757,708.35,-99,-3
14:54:45:116,708.97,-100,-4
14:54:45:460,709.56,-98,-2
14:54:45:804,710.15,-99,-2
14:54:46:507,711.1,-101,-13
14:54:46:866,711.54,-98,0
14:54:47:210,711.95,-97,-1
14:54:47:913,712.8,-97,-2
14:54:48:257,713.21,-100,-2
14:54:48:616,713.64,-100,-5
14:54:48:960,714.06,-100,-8
14:54:49:319,714.49,-98,-2
14:54:49:663,714.91,-97,1
14:54:50:007,715.32,-97,1
14:54:50:366,715.75,-95,3
14:54:50:710,716.17,-94,4
14:54:51:069,716.6,-94,3
14:54:51:413,717.02,-97,1
14:54:51:772,717.45,-96,0
14:54:52:110,717.86,-97,-1
14:54:52:469,718.29,-96,0
14:54:52:813,718.7,-96,0
14:54:53:172,719.14,-98,-4
14:54:53:516,719.55,-98,-3
14:54:53:860,719.97,-97,1
14:54:54:219,720.4,-98,0
14:54:54:563,720.81,-98,-5
14:54:54:922,721.25,-98,0
14:54:55:266,721.66,-97,0
14:54:55:610,722.08,-99,-1
14:54:55:969,722.51,-97,0
14:54:56:313,722.92,-97,0
14:54:56:672,723.36,-99,0
14:54:57:016,723.77,-98,0
14:54:57:375,724.29,-95,3
14:54:57:719,724.78,-96,2
14:54:58:063,725.27,-101,-8
14:54:58:422,725.78,-96,2
14:54:58:766,726.27,-98,-3
14:54:59:125,726.78,-98,-2
14:54:59:469,727.28,-97,0
14:54:59:813,727.77,-100,-3
14:55:00:172,728.28,-99,-6
14:55:00:516,728.77,-98,-2
14:55:00:875,729.28,-99,-1
14:55:01:219,729.77,-96,0
14:55:01:563,730.26,-99,-5
14:55:01:922,730.78,-99,-3
14:55:02:278,731.28,-96,1
14:55:02:622,731.78,-98,-2
14:55:02:966,732.27,-97,-1
14:55:03:325,732.78,-96,1
14:55:03:669,733.27,-98,0
14:55:04:028,733.78,-101,-11
14:55:04:372,734.27,-98,-1
14:55:04:716,734.76,-99,-6
14:55:05:075,735.28,-100,-11
14:55:05:419,735.77,-98,0
14:55:05:778,736.28,-99,-1
14:55:06:122,736.77,-99,-9
14:55:06:466,737.26,-98,-2
14:55:06:825,737.77,-99,-2
14:55:07:169,738.27,-98,-2
14:55:07:528,738.78,-97,-1
14:55:07:872,739.27,-100,-3
14:55:08:231,739.75,-97,1
14:55:08:575,740.19,-97,0
14:55:08:919,740.63,-97,1
14:55:09:278,741.09,-95,1
14:55:09:622,741.53,-96,1
14:55:09:981,741.99,-95,2
14:55:10:325,742.43,-93,5
14:55:10:669,742.87,-95,2
14:55:11:028,743.34,-94,2
14:55:11:372,743.78,-96,0
14:55:11:731,744.24,-96,0
14:55:12:075,744.68,-95,2
14:55:12:434,745.14,-96,0
14:55:12:778,745.58,-99,-2
14:55:13:132,746.03,-96,0
14:55:13:475,746.47,-96,0
14:55:13:835,746.94,-100,-4
14:55:14:178,747.38,-99,-2
14:55:14:522,747.82,-100,-5
14:55:14:881,748.28,-96,3
14:55:15:225,748.72,-99,-3
14:55:15:585,749.18,-98,-4
14:55:15:928,749.62,-99,-6
14:55:16:272,750.06,-99,-4
14:55:16:631,750.52,-96,0
14:55:16:975,750.96,-99,-9
14:55:17:335,751.43,-99,-4
14:55:17:678,751.87,-98,-4
14:55:18:038,752.33,-100,-11
14:55:18:381,752.77,-100,-6
14:55:18:725,753.21,-98,0
14:55:19:084,753.65,-97,0
14:55:19:428,753.99,-96,0
14:55:19:788,754.36,-99,0
14:55:20:131,754.71,-96,0
14:55:20:475,755.05,-96,0
14:55:20:834,755.42,-99,-1
14:55:21:178,755.76,-98,-2
14:55:21:537,756.13,-98,-2
14:55:21:881,756.48,-97,0
14:55:22:225,756.82,-98,-3
14:55:22:584,757.19,-99,-2
14:55:22:928,757.54,-98,0
14:55:23:287,757.9,-97,0
14:55:23:631,758.25,-99,-3
14:55:23:990,758.61,-97,0
14:55:24:329,758.95,-99,-7
14:55:25:032,759.66,-99,-9
14:55:25:391,760.03,-101,-11
14:55:25:735,760.38,-100,-13
14:55:26:079,760.72,-100,-4
14:55:26:782,761.43,-99,-3
14:55:27:141,761.8,-99,-6
14:55:27:485,762.15,-98,-4
14:55:27:829,762.49,-100,-6
14:55:28:188,762.86,-100,-4
14:55:28:532,763.21,-100,-14
14:55:28:891,763.57,-99,-5
14:55:29:235,763.92,-98,0
14:55:29:594,764.28,-99,-2
14:55:29:938,764.63,-99,-12
14:55:30:282,765.16,-98,0
14:55:30:641,765.76,-98,-3
14:55:30:985,766.34,-99,-11
14:55:31:344,766.94,-100,-3
14:55:31:688,767.51,-100,-4
14:55:32:735,769.26,-100,-6
14:55:33:782,771.01,-101,-10
14:55:34:135,771.6,-100,-11
14:55:34:494,772.2,-100,-10
14:55:34:838,772.78,-99,-1
14:55:35:197,773.38,-100,-12
14:55:35:541,773.96,-99,-6
14:55:35:885,774.53,-98,0
14:55:36:244,775.13,-97,1
14:55:36:588,775.71,-96,0
14:55:36:947,776.31,-97,1
14:55:37:291,776.88,-99,-7
14:55:37:635,777.46,-101,-7
14:55:37:994,778.06,-100,-13
14:55:38:697,779.23,-100,-14
14:55:39:041,779.81,-99,-1
14:55:39:385,780.38,-97,-1
14:55:39:744,780.98,-99,-5
14:55:40:088,781.56,-98,-3
14:55:40:791,782.73,-98,-4
14:55:41:150,783.32,-99,-1
14:55:41:494,783.85,-97,1
14:55:41:838,784.39,-98,0
14:55:42:197,784.95,-97,0
14:55:42:541,785.49,-97,0
14:55:42:900,786.05,-100,-3
14:55:43:244,786.58,-97,0
14:55:43:588,787.12,-94,5
14:55:43:947,787.68,-94,3
14:55:44:291,788.22,-96,2
14:55:44:650,788.78,-96,0
14:55:44:994,789.32,-100,-4
14:55:45:350,789.87,-99,-6
14:55:45:694,790.41,-98,-2
14:55:46:053,790.97,-97,-1
14:55:46:397,791.51,-97,1
14:55:46:741,792.04,-100,-5
14:55:47:100,792.6,-99,-1
14:55:47:444,793.14,-98,1
14:55:47:802,793.7,-100,-6
14:55:48:145,794.23,-99,-4
14:55:48:489,794.77,-99,-1
14:55:48:849,795.33,-100,-5
14:55:49:552,796.43,-101,-12
14:55:49:895,796.97,-100,-4
14:55:50:255,797.53,-98,-3
14:55:50:598,798.06,-99,-2
14:55:50:942,798.6,-97,-1
14:55:51:302,799.16,-101,-7
14:55:51:645,799.7,-101,-7
14:55:52:005,800.26,-101,-8
14:55:52:348,800.72,-101,-10
14:55:52:692,801.18,-98,-8
14:55:53:051,801.67,-100,-4
14:55:53:395,802.13,-101,-7
14:55:53:755,802.61,-99,-5
14:55:54:098,803.08,-99,-6
14:55:54:801,804.02,-99,-5
14:55:55:856,805.44,-98,-3
14:55:56:202,805.91,-100,-9
14:55:56:557,806.39,-101,-8
14:55:56:902,806.85,-100,-3
14:55:57:258,807.33,-99,-9
14:55:57:609,807.8,-99,-6
14:55:57:953,808.27,-99,-7
14:55:58:296,808.73,-100,-8
14:55:59:000,809.68,-99,-6
14:55:59:359,810.16,-100,-5
14:55:59:703,810.62,-101,-13
14:56:00:046,811.08,-99,-6
14:56:00:406,811.57,-99,-6
14:56:00:749,812.03,-101,-10
14:56:01:109,812.52,-99,-3
14:56:01:453,812.98,-98,-4
14:56:01:812,813.46,-101,-8
14:56:02:156,813.93,-100,-6
14:56:02:499,814.39,-100,-5
14:56:02:859,814.87,-100,-3
14:56:03:212,815.37,-99,-8
14:56:03:549,815.85,-99,-7
14:56:03:908,816.36,-100,-6
14:56:04:252,816.86,-99,-11
14:56:04:611,817.37,-98,-2
14:56:04:955,817.86,-99,-4
14:56:05:299,818.36,-100,-3
14:56:05:658,818.87,-98,-1
14:56:06:002,819.36,-100,-2
14:56:06:710,820.38,-98,-4
14:56:07:053,820.87,-99,-3
14:56:07:412,821.38,-99,-5
14:56:07:756,821.88,-99,-3
14:56:08:116,822.39,-101,-10
14:56:08:459,822.88,-101,-10
14:56:08:803,823.38,-100,-4
14:56:09:162,823.89,-99,-10
14:56:09:506,824.38,-101,-11
14:56:10:209,825.39,-100,-12
14:56:10:553,825.88,-99,-8
14:56:10:912,826.4,-101,-6
14:56:11:256,826.89,-99,-8
14:56:11:615,827.4,-98,-3
14:56:11:959,827.9,-98,-6
14:56:12:303,828.39,-98,-3
14:56:12:662,828.9,-100,-3
14:56:13:006,829.4,-100,-6
14:56:13:365,829.91,-98,-2
14:56:13:709,830.4,-99,-8
14:56:14:069,830.92,-101,-10
14:56:14:412,831.42,-99,-5
14:56:14:756,831.93,-101,-8
14:56:15:115,832.45,-100,-9
14:56:15:459,832.96,-99,-7
14:56:15:818,833.48,-98,-2
14:56:16:162,833.99,-99,-2
14:56:16:506,834.49,-101,-7
14:56:16:865,835.02,-100,-6
14:56:17:218,835.53,-99,-9
14:56:17:906,836.54,-101,-8
14:56:18:265,837.07,-100,-8
14:56:18:609,837.57,-100,-10
14:56:18:968,838.1,-101,-7
14:56:19:312,838.6,-100,-9
14:56:19:671,839.13,-100,-10
14:56:20:015,839.63,-100,-10
14:56:20:359,840.13,-100,-10
14:56:20:718,840.66,-101,-5
14:56:21:062,841.16,-100,-7
14:56:21:765,842.19,-100,-5
14:56:22:109,842.7,-101,-13
14:56:22:468,843.22,-101,-12
14:56:22:812,843.73,-100,-14
14:56:23:171,844.25,-101,-15
14:56:23:515,844.76,-101,-15
14:56:23:874,845.28,-101,-13
14:56:24:218,845.79,-101,-12
14:56:24:562,846.29,-100,-11
14:56:24:921,846.82,-100,-8
14:56:25:265,847.31,-101,-8
14:56:25:624,847.83,-101,-10
14:56:25:968,848.32,-101,-12
14:56:27:024,849.84,-99,-11
14:56:27:368,850.33,-99,-15
14:56:28:071,851.34,-101,-14
14:56:28:774,852.35,-101,-9
14:56:29:118,852.85,-99,-12
14:56:29:477,853.36,-99,-12
14:56:29:821,853.86,-101,-10
14:56:30:165,854.35,-101,-10
14:56:30:524,854.87,-100,-9
14:56:30:875,855.37,-100,-8
14:56:31:215,855.86,-99,-9
14:56:31:574,856.37,-100,-10
14:56:31:918,856.87,-101,-9
14:56:32:277,857.38,-100,-14
14:56:32:965,858.37,-100,-9
14:56:33:324,858.89,-101,-8
14:56:33:668,859.38,-99,-4
14:56:34:027,859.9,-100,-4
14:56:34:371,860.39,-99,-9
14:56:34:730,860.91,-100,-5
14:56:35:074,861.4,-101,-9
14:56:35:418,861.9,-101,-9
14:56:35:777,862.41,-99,-4
14:56:36:121,862.94,-98,-2
14:56:36:480,863.55,-99,0
14:56:36:824,864.13,-99,-8
14:56:37:167,864.71,-99,-1
14:56:37:527,865.32,-101,-9
14:56:37:871,865.9,-101,-11
14:56:38:224,866.5,-99,-7
14:56:38:568,867.09,-100,-7
14:56:38:927,867.69,-99,-11
14:56:39:271,868.28,-100,-12
14:56:39:630,868.89,-99,-9
14:56:39:974,869.47,-101,-12
14:56:40:333,870.08,-101,-10
14:56:40:677,870.66,-100,-4
14:56:41:021,871.24,-100,-6
14:56:41:380,871.85,-99,-8
14:56:41:724,872.44,-101,-11
14:56:42:083,873.04,-100,-15
14:56:43:833,876.01,-100,-14
14:56:44:536,877.2,-100,-16
14:56:46:286,880.17,-101,-14
14:56:52:937,885.16,-99,-16
14:56:53:281,885.38,-101,-9
14:56:53:640,885.61,-99,-9
14:56:53:984,885.82,-101,-11
14:56:54:328,886.04,-101,-7
14:56:54:687,886.27,-99,-8
14:56:55:031,886.49,-99,-7
14:56:55:390,886.72,-99,-9
14:56:56:077,887.16,-99,-8
14:56:56:437,887.39,-99,-7
14:56:56:781,887.6,-99,-9
14:56:57:140,887.83,-99,-8
14:56:57:484,888.05,-99,-8
14:56:57:843,888.28,-100,-7
14:56:58:187,888.41,-100,-7
14:56:58:531,888.47,-99,-10
14:56:58:890,888.52,-101,-8
14:56:59:243,888.58,-99,-12
14:56:59:587,888.64,-101,-12
14:56:59:931,888.69,-101,-13
14:57:00:290,888.75,-101,-13
14:57:00:634,888.81,-101,-12
14:57:00:993,888.86,-101,-11
14:57:01:337,888.92,-101,-8
14:57:01:681,888.98,-101,-10
14:57:02:040,889.03,-100,-3
14:57:02:384,889.09,-100,-11
14:57:02:743,889.15,-99,-9
14:57:03:790,889.32,-101,-10
14:57:04:134,889.37,-100,-16
14:57:07:649,889.94,-101,-16
14:57:08:696,890.11,-101,-8
14:57:09:040,890.16,-99,-10
14:57:09:399,890.15,-99,-12
14:57:09:743,890.13,-101,-12
14:57:10:097,890.12,-101,-15
14:57:10:800,890.09,-101,-13
14:57:11:847,890.05,-100,-17
14:57:12:894,890.02,-100,-15
14:57:13:237,890,-100,-13
14:57:13:597,889.99,-100,-15
14:57:13:940,889.98,-101,-13
14:57:15:003,889.94,-100,-15
14:57:15:347,889.93,-100,-15
14:57:15:690,889.91,-100,-16
14:57:16:050,889.9,-101,-16
14:57:16:393,889.89,-101,-15
14:57:17:800,889.83,-100,-15
14:57:18:143,889.82,-100,-17
14:57:18:503,889.81,-101,-13
14:57:18:846,889.8,-100,-14
14:57:19:190,889.81,-100,-15
14:57:19:550,889.86,-102,-14
14:57:19:893,889.91,-100,-15
14:57:20:253,889.95,-100,-16
14:57:20:596,890,-101,-15
14:57:22:700,890.27,-100,-16
14:57:23:043,890.32,-101,-15
14:57:23:403,890.37,-100,-14
14:57:23:746,890.41,-101,-13
14:57:24:106,890.46,-100,-11
14:57:24:450,890.5,-100,-10
14:57:24:809,890.55,-101,-8
14:57:25:153,890.59,-101,-8
14:57:25:496,890.64,-99,-7
14:57:25:856,890.69,-101,-8
14:57:26:199,890.73,-99,-12
14:57:26:559,890.78,-100,-13
14:57:26:903,890.82,-101,-9
14:57:27:246,890.87,-101,-10
14:57:27:606,890.91,-100,-11
14:57:27:949,890.96,-100,-7
14:57:28:309,891.01,-99,-11
14:57:28:653,891.05,-101,-10
14:57:28:996,891.1,-100,-6
14:57:29:356,891.14,-100,-5
14:57:29:699,891.19,-99,-7
14:57:30:059,891.23,-101,-6
14:57:30:402,891.28,-100,-5
14:57:30:762,891.33,-100,-7
14:57:31:100,891.37,-100,-9
14:57:31:459,891.42,-99,-9
14:57:31:803,891.46,-99,-8
14:57:32:162,891.51,-99,-10
14:57:32:506,891.55,-101,-12
14:57:32:849,891.6,-100,-14
14:57:33:209,891.65,-99,-12
14:57:33:553,891.69,-99,-10
14:57:33:912,891.74,-99,-10
14:57:34:256,891.78,-100,-13
14:57:34:599,891.83,-101,-16
14:57:35:302,891.92,-100,-13
14:57:36:006,892.01,-101,-10
14:57:36:349,892.06,-101,-13
14:57:36:709,892.1,-101,-12
14:57:37:052,892.15,-101,-9
14:57:37:411,892.19,-99,-10
14:57:37:755,892.24,-101,-8
14:57:38:114,892.29,-101,-10
14:57:38:458,892.33,-101,-8
14:57:38:802,892.38,-100,-7
14:57:39:161,892.42,-100,-8
14:57:39:505,892.47,-101,-7
14:57:39:864,892.51,-101,-11
14:57:40:208,892.56,-99,-12
14:57:40:567,892.61,-101,-11
14:57:40:911,892.65,-100,-13
14:57:41:255,892.7,-100,-13
14:57:41:614,892.74,-100,-16
14:57:41:958,892.79,-101,-11
14:57:42:312,892.83,-101,-12
14:57:42:655,892.88,-101,-14
14:57:43:015,892.93,-101,-13
14:57:43:358,892.97,-100,-12
14:57:43:718,893.02,-100,-14
14:57:44:062,893.06,-100,-13
14:57:44:405,893.11,-100,-14
14:57:44:765,893.15,-100,-15
14:57:45:108,893.2,-101,-11
14:57:45:468,893.25,-100,-15
14:57:45:811,893.29,-101,-11
14:57:46:171,893.34,-100,-13
14:57:46:515,893.38,-100,-10
14:57:46:858,893.43,-101,-11
14:57:47:218,893.48,-100,-13
14:57:47:561,893.52,-101,-13
14:57:48:264,893.61,-99,-11
14:57:48:608,893.66,-100,-8
14:57:48:968,893.7,-101,-10
14:57:49:311,893.97,-101,-9
14:57:49:671,894.39,-101,-9
14:57:50:014,894.8,-99,-10
14:57:50:358,895.2,-101,-11
14:57:51:061,896.02,-100,-14
14:57:51:421,896.44,-101,-11
14:57:51:764,896.84,-101,-13
14:57:52:118,897.25,-100,-13
14:57:52:461,897.65,-101,-9
14:57:52:821,898.07,-101,-10
14:57:53:164,898.47,-99,-12
14:57:53:524,898.89,-99,-11
14:57:53:868,899.29,-100,-10
14:57:54:571,900.11,-99,-9
14:57:54:914,900.51,-101,-8
14:57:55:274,900.93,-99,-8
14:57:55:617,901.34,-101,-6
14:57:55:961,901.74,-101,-8
14:57:56:321,902.16,-99,-11
14:57:56:664,902.56,-100,-10
14:57:57:024,902.98,-101,-9
14:57:57:367,903.38,-101,-9
14:57:57:727,903.8,-100,-11
14:57:58:070,904.2,-101,-8
14:57:58:414,904.6,-100,-11
14:57:58:774,905.02,-100,-8
14:57:59:117,905.42,-101,-8
14:57:59:477,905.84,-99,-10
14:57:59:820,906.24,-99,-9
14:58:00:164,906.39,-100,-13
14:58:00:524,906.27,-100,-11
14:58:00:867,906.16,-101,-10
14:58:01:226,906.04,-101,-9
14:58:01:569,905.92,-101,-8
14:58:01:929,905.8,-100,-11
14:58:02:273,905.68,-101,-9
14:58:02:616,905.57,-99,-10
14:58:02:976,905.44,-99,-10
14:58:03:330,905.32,-100,-9
14:58:03:673,905.21,-99,-10
14:58:04:017,905.09,-99,-10
14:58:04:380,904.97,-100,-11
14:58:05:066,904.74,-101,-11
14:58:05:426,904.62,-100,-9
14:58:05:770,904.5,-100,-12
14:58:06:129,904.38,-101,-9
14:58:06:473,904.26,-100,-14
14:58:06:832,904.14,-101,-15
14:58:07:176,904.03,-101,-15
14:58:07:519,903.91,-101,-14
14:58:07:879,903.79,-101,-14
14:58:08:223,903.67,-101,-12
14:58:08:582,903.55,-101,-14
14:58:08:926,903.43,-100,-15
14:58:09:269,903.32,-101,-8
14:58:09:629,903.2,-99,-9
14:58:09:973,903.08,-101,-7
14:58:10:332,902.96,-99,-7
14:58:10:676,902.84,-100,-9
14:58:11:378,902.61,-101,-6
14:58:11:721,902.49,-101,-7
14:58:12:081,902.37,-99,-10
14:58:12:425,902.25,-100,-16
14:58:12:784,902.13,-101,-13
14:58:13:132,902.01,-100,-12
14:58:13:475,901.9,-101,-14
14:58:13:835,901.78,-100,-14
14:58:14:172,901.66,-100,-12
14:58:14:532,901.54,-100,-8
14:58:14:875,901.43,-101,-10
14:58:15:235,901.3,-101,-11
14:58:15:581,901.19,-101,-11
14:58:15:925,901.07,-100,-11
14:58:16:285,900.95,-99,-8
14:58:16:628,900.83,-99,-9
14:58:16:975,900.72,-101,-7
14:58:17:338,900.59,-99,-6
14:58:17:681,900.48,-100,-5
14:58:18:025,900.36,-100,-5
14:58:18:384,900.24,-101,-7
14:58:18:728,900.12,-100,-11
14:58:19:431,899.89,-101,-7
14:58:19:782,899.77,-99,-15
14:58:20:484,899.53,-100,-14
14:58:20:831,899.41,-101,-13
14:58:21:190,899.29,-100,-5
14:58:21:534,899.18,-100,-13
14:58:21:877,899.06,-101,-11
14:58:22:237,898.94,-99,-9
14:58:22:581,898.82,-99,-10
14:58:22:940,898.7,-99,-10
14:58:23:290,898.58,-100,-14
14:58:23:633,898.47,-99,-8
14:58:23:977,898.35,-99,-10
14:58:24:339,898.23,-101,-8
14:58:24:683,898.11,-99,-10
14:58:25:036,897.99,-101,-8
14:58:25:380,897.88,-100,-12
14:58:25:739,897.76,-100,-14
14:58:26:083,897.64,-100,-15
14:58:26:442,897.52,-101,-13
14:58:26:787,897.4,-101,-13
14:58:27:137,897.28,-100,-12
14:58:27:484,897.17,-99,-8
14:58:27:843,897.04,-101,-6
14:58:28:187,896.93,-101,-8
14:58:28:531,896.81,-101,-9
14:58:28:890,896.69,-99,-7
14:58:29:234,896.57,-100,-13
14:58:29:585,896.46,-101,-13
14:58:29:944,896.33,-100,-15
14:58:30:288,896.22,-101,-9
14:58:30:631,896.1,-101,-10
14:58:30:991,895.98,-101,-14
14:58:31:334,895.87,-99,-13
14:58:31:694,895.74,-100,-10
14:58:32:042,895.63,-99,-7
14:58:32:386,895.51,-101,-7
14:58:32:743,895.39,-100,-7
14:58:33:087,895.27,-100,-11
14:58:33:446,895.15,-99,-9
14:58:33:790,895.04,-100,-10
14:58:34:134,894.92,-101,-9
14:58:34:493,894.8,-100,-12
14:58:34:837,894.68,-100,-6
14:58:35:196,894.56,-101,-5
14:58:35:540,894.44,-101,-8
14:58:35:884,894.33,-100,-8
14:58:36:237,894.21,-100,-7
14:58:36:596,894.09,-100,-6
14:58:36:940,893.97,-100,-6
14:58:37:286,893.85,-101,-10
14:58:37:645,893.73,-100,-8
14:58:37:988,893.62,-100,-11
14:58:38:347,893.5,-99,-8
14:58:38:691,893.38,-100,-5
14:58:39:035,893.26,-100,-6
14:58:39:398,893.14,-100,-6
14:58:39:741,893.03,-99,-10
14:58:40:101,892.9,-99,-10
14:58:40:444,892.79,-100,-8
14:58:40:788,892.67,-101,-7
14:58:41:148,892.55,-101,-8
14:58:41:490,892.43,-99,-9
14:58:41:850,892.31,-99,-9
14:58:42:193,892.2,-101,-7
14:58:42:537,892.08,-101,-7
14:58:42:899,891.96,-101,-7
14:58:43:243,891.84,-101,-9
14:58:43:603,891.72,-100,-5
14:58:43:949,891.6,-100,-7
14:58:44:293,891.49,-99,-9
14:58:44:652,891.37,-99,-8
14:58:44:999,891.25,-101,-6
14:58:45:343,891.13,-99,-6
14:58:45:702,891.01,-99,-8
14:58:46:051,890.89,-99,-9
14:58:46:401,890.78,-100,-10
14:58:46:744,890.66,-101,-7
14:58:47:095,890.54,-99,-8
14:58:47:455,890.42,-100,-9
14:58:47:798,890.3,-99,-10
14:58:48:142,890.19,-99,-11
14:58:48:501,890.07,-100,-12
14:58:48:845,889.95,-99,-8
14:58:49:204,889.83,-100,-5
14:58:49:548,889.71,-99,-10
14:58:49:897,889.59,-100,-10
14:58:57:967,886.87,-101,-13
14:58:58:296,886.76,-99,-11
14:58:58:655,886.64,-101,-8
14:58:58:999,886.52,-101,-8
14:58:59:358,886.4,-100,-12
14:58:59:702,886.28,-101,-8
14:59:00:750,885.93,-99,-8
14:59:01:109,885.81,-101,-8
14:59:01:453,885.69,-101,-8
14:59:01:800,885.57,-101,-11
14:59:02:159,885.45,-100,-14
14:59:02:862,885.22,-100,-13
14:59:03:209,885.1,-100,-15
14:59:03:912,884.86,-100,-14
14:59:04:255,884.74,-99,-9
14:59:04:615,884.62,-101,-12
14:59:04:959,884.51,-101,-12
14:59:27:364,876.94,-101,-17
14:59:28:067,876.7,-101,-18
